scenario,day,quantity,series,mid,lo,hi
step,1,Rt,true,1.199998,1.199998,1.199998
step,1,Rt,PS,1.092162,0.670876,1.794006
step,1,Rt,PF,1.051407,0.582018,1.894481
step,1,obs,true,6,6,6
step,1,obs,PS,0.000000,0.000000,0.000000
step,1,obs,PF,0.000000,0.000000,0.000000
step,2,Rt,true,1.199997,1.199997,1.199997
step,2,Rt,PS,1.133295,0.656305,1.937919
step,2,Rt,PF,1.055603,0.458659,2.411428
step,2,obs,true,6,6,6
step,2,obs,PS,5.666401,3.439286,8.416177
step,2,obs,PF,5.666401,3.439286,8.416177
step,3,Rt,true,1.199996,1.199996,1.199996
step,3,Rt,PS,1.186701,0.688109,1.979398
step,3,Rt,PF,1.055761,0.383721,2.828118
step,3,obs,true,6,6,6
step,3,obs,PS,5.827286,3.866302,8.501983
step,3,obs,PF,5.827286,3.866302,8.501983
step,4,Rt,true,1.199995,1.199995,1.199995
step,4,Rt,PS,1.216868,0.702666,1.959150
step,4,Rt,PF,1.037888,0.335826,2.927181
step,4,obs,true,6,6,6
step,4,obs,PS,5.910149,3.821074,9.472915
step,4,obs,PF,5.910149,3.821074,9.472915
step,5,Rt,true,1.199994,1.199994,1.199994
step,5,Rt,PS,1.214633,0.694453,1.938570
step,5,Rt,PF,1.079110,0.332939,3.089108
step,5,obs,true,7,7,7
step,5,obs,PS,6.242370,3.824348,10.792896
step,5,obs,PF,6.242370,3.824348,10.792896
step,6,Rt,true,1.199993,1.199993,1.199993
step,6,Rt,PS,1.192373,0.718797,1.947225
step,6,Rt,PF,1.094806,0.341668,3.035517
step,6,obs,true,7,7,7
step,6,obs,PS,6.563196,3.821013,11.626653
step,6,obs,PF,6.563196,3.821013,11.626653
step,7,Rt,true,1.199992,1.199992,1.199992
step,7,Rt,PS,1.186843,0.704123,1.962178
step,7,Rt,PF,1.165230,0.373490,3.143884
step,7,obs,true,8,8,8
step,7,obs,PS,7.267382,4.137165,12.855130
step,7,obs,PF,7.267382,4.137165,12.855130
step,8,Rt,true,1.199991,1.199991,1.199991
step,8,Rt,PS,1.178387,0.705156,1.935090
step,8,Rt,PF,1.160400,0.382194,3.119505
step,8,obs,true,8,8,8
step,8,obs,PS,7.723061,4.425912,13.500147
step,8,obs,PF,7.723061,4.425912,13.500147
step,9,Rt,true,1.199990,1.199990,1.199990
step,9,Rt,PS,1.168669,0.680815,1.907692
step,9,Rt,PF,1.119072,0.370268,2.999957
step,9,obs,true,8,8,8
step,9,obs,PS,7.977442,4.586909,13.762577
step,9,obs,PF,7.977442,4.586909,13.762577
step,10,Rt,true,1.199989,1.199989,1.199989
step,10,Rt,PS,1.182050,0.697929,1.953058
step,10,Rt,PF,1.140017,0.372668,3.070492
step,10,obs,true,9,9,9
step,10,obs,PS,8.566985,5.034882,14.572476
step,10,obs,PF,8.566985,5.034882,14.572476
step,11,Rt,true,1.199987,1.199987,1.199987
step,11,Rt,PS,1.161172,0.705684,1.931225
step,11,Rt,PF,1.116788,0.364747,2.990620
step,11,obs,true,9,9,9
step,11,obs,PS,8.899555,5.270678,14.982805
step,11,obs,PF,8.899555,5.270678,14.982805
step,12,Rt,true,1.199986,1.199986,1.199986
step,12,Rt,PS,1.180610,0.689472,1.936788
step,12,Rt,PF,1.135103,0.374379,3.026730
step,12,obs,true,10,10,10
step,12,obs,PS,9.519709,5.708878,15.940083
step,12,obs,PF,9.519709,5.708878,15.940083
step,13,Rt,true,1.199985,1.199985,1.199985
step,13,Rt,PS,1.172748,0.703296,1.906089
step,13,Rt,PF,1.108768,0.363203,2.992768
step,13,obs,true,10,10,10
step,13,obs,PS,9.856390,5.944934,16.385320
step,13,obs,PF,9.856390,5.944934,16.385320
step,14,Rt,true,1.199983,1.199983,1.199983
step,14,Rt,PS,1.175003,0.703266,1.880363
step,14,Rt,PF,1.126195,0.374405,2.985196
step,14,obs,true,11,11,11
step,14,obs,PS,10.505321,6.380766,17.379867
step,14,obs,PF,10.505321,6.380766,17.379867
step,15,Rt,true,1.199982,1.199982,1.199982
step,15,Rt,PS,1.164657,0.692582,1.894292
step,15,Rt,PF,1.098117,0.367930,2.872602
step,15,obs,true,11,11,11
step,15,obs,PS,10.870980,6.638005,17.766144
step,15,obs,PF,10.870980,6.638005,17.766144
step,16,Rt,true,1.199980,1.199980,1.199980
step,16,Rt,PS,1.183933,0.722317,1.884085
step,16,Rt,PF,1.108120,0.377425,2.926494
step,16,obs,true,12,12,12
step,16,obs,PS,11.549307,7.108554,18.669242
step,16,obs,PF,11.549307,7.108554,18.669242
step,17,Rt,true,1.199978,1.199978,1.199978
step,17,Rt,PS,1.189291,0.701762,1.928787
step,17,Rt,PF,1.135530,0.389992,2.982552
step,17,obs,true,13,13,13
step,17,obs,PS,12.394325,7.721851,19.966856
step,17,obs,PF,12.394325,7.721851,19.966856
step,18,Rt,true,1.199976,1.199976,1.199976
step,18,Rt,PS,1.179090,0.717657,1.881821
step,18,Rt,PF,1.105377,0.379317,2.932964
step,18,obs,true,13,13,13
step,18,obs,PS,12.843640,8.126231,20.601331
step,18,obs,PF,12.843640,8.126231,20.601331
step,19,Rt,true,1.199975,1.199975,1.199975
step,19,Rt,PS,1.178811,0.698501,1.936103
step,19,Rt,PF,1.114019,0.379159,2.903984
step,19,obs,true,14,14,14
step,19,obs,PS,13.531074,8.595244,21.530711
step,19,obs,PF,13.531074,8.595244,21.530711
step,20,Rt,true,1.199972,1.199972,1.199972
step,20,Rt,PS,1.171913,0.723922,1.868261
step,20,Rt,PF,1.130874,0.386716,2.953146
step,20,obs,true,15,15,15
step,20,obs,PS,14.405503,9.217776,22.901838
step,20,obs,PF,14.405503,9.217776,22.901838
step,21,Rt,true,1.199970,1.199970,1.199970
step,21,Rt,PS,1.169614,0.699038,1.824186
step,21,Rt,PF,1.145278,0.396605,2.959992
step,21,obs,true,16,16,16
step,21,obs,PS,15.447022,9.962962,24.236257
step,21,obs,PF,15.447022,9.962962,24.236257
step,22,Rt,true,1.199968,1.199968,1.199968
step,22,Rt,PS,1.183753,0.716390,1.841940
step,22,Rt,PF,1.155821,0.402030,2.984400
step,22,obs,true,17,17,17
step,22,obs,PS,16.508961,10.667255,25.709303
step,22,obs,PF,16.508961,10.667255,25.709303
step,23,Rt,true,1.199966,1.199966,1.199966
step,23,Rt,PS,1.227863,0.757589,1.913054
step,23,Rt,PF,1.162354,0.402619,2.960962
step,23,obs,true,18,18,18
step,23,obs,PS,17.621194,11.499347,27.232754
step,23,obs,PF,17.621194,11.499347,27.232754
step,24,Rt,true,1.199963,1.199963,1.199963
step,24,Rt,PS,1.300699,0.805207,2.039046
step,24,Rt,PF,1.111385,0.389236,2.838188
step,24,obs,true,18,18,18
step,24,obs,PS,18.114915,11.914267,27.789136
step,24,obs,PF,18.114915,11.914267,27.789136
step,25,Rt,true,1.199960,1.199960,1.199960
step,25,Rt,PS,1.403683,0.872168,2.161282
step,25,Rt,PF,1.095610,0.388078,2.796145
step,25,obs,true,19,19,19
step,25,obs,PS,18.767064,12.489455,28.711365
step,25,obs,PF,18.767064,12.489455,28.711365
step,26,Rt,true,1.799937,1.799937,1.799937
step,26,Rt,PS,1.514202,0.929330,2.348127
step,26,Rt,PF,1.118723,0.397104,2.877494
step,26,obs,true,21,21,21
step,26,obs,PS,20.072265,13.420831,30.617168
step,26,obs,PF,20.072265,13.420831,30.617168
step,27,Rt,true,1.799930,1.799930,1.799930
step,27,Rt,PS,1.632370,1.032812,2.477957
step,27,Rt,PF,1.210349,0.434825,3.029777
step,27,obs,true,24,24,24
step,27,obs,PS,22.408600,15.079760,34.112945
step,27,obs,PF,22.408600,15.079760,34.112945
step,28,Rt,true,1.799922,1.799922,1.799922
step,28,Rt,PS,1.724979,1.088873,2.689446
step,28,Rt,PF,1.379045,0.505923,3.369122
step,28,obs,true,29,29,29
step,28,obs,PS,26.655042,18.058509,40.018377
step,28,obs,PF,26.655042,18.058509,40.018377
step,29,Rt,true,1.799912,1.799912,1.799912
step,29,Rt,PS,1.806148,1.149418,2.699677
step,29,Rt,PF,1.554501,0.587856,3.687618
step,29,obs,true,35,35,35
step,29,obs,PS,32.712550,22.409714,48.373375
step,29,obs,PF,32.712550,22.409714,48.373375
step,30,Rt,true,1.799901,1.799901,1.799901
step,30,Rt,PS,1.818355,1.193637,2.741278
step,30,Rt,PF,1.702804,0.656989,3.937679
step,30,obs,true,43,43,43
step,30,obs,PS,40.815977,28.281714,59.469312
step,30,obs,PF,40.815977,28.281714,59.469312
step,31,Rt,true,1.799887,1.799887,1.799887
step,31,Rt,PS,1.796169,1.172304,2.778062
step,31,Rt,PF,1.772332,0.708563,4.039809
step,31,obs,true,52,52,52
step,31,obs,PS,50.696404,35.644290,73.029767
step,31,obs,PF,50.696404,35.644290,73.029767
step,32,Rt,true,1.799870,1.799870,1.799870
step,32,Rt,PS,1.793206,1.166886,2.663437
step,32,Rt,PF,1.768186,0.704159,4.022549
step,32,obs,true,62,62,62
step,32,obs,PS,61.606169,44.047141,88.232271
step,32,obs,PF,61.606169,44.047141,88.232271
step,33,Rt,true,1.799850,1.799850,1.799850
step,33,Rt,PS,1.785911,1.155736,2.586979
step,33,Rt,PF,1.773273,0.727843,3.973070
step,33,obs,true,76,76,76
step,33,obs,PS,75.406937,54.316367,106.803019
step,33,obs,PF,75.406937,54.316367,106.803019
step,34,Rt,true,1.799826,1.799826,1.799826
step,34,Rt,PS,1.773176,1.150714,2.640300
step,34,Rt,PF,1.744456,0.719789,3.911299
step,34,obs,true,91,91,91
step,34,obs,PS,90.913555,66.180759,128.122299
step,34,obs,PF,90.913555,66.180759,128.122299
step,35,Rt,true,1.799796,1.799796,1.799796
step,35,Rt,PS,1.776986,1.161451,2.581204
step,35,Rt,PF,1.719164,0.707943,3.854041
step,35,obs,true,110,110,110
step,35,obs,PS,109.453350,80.284250,153.388783
step,35,obs,PF,109.453350,80.284250,153.388783
step,36,Rt,true,1.799760,1.799760,1.799760
step,36,Rt,PS,1.777199,1.163886,2.586342
step,36,Rt,PF,1.724116,0.696840,3.840231
step,36,obs,true,133,133,133
step,36,obs,PS,131.970229,97.625875,183.854067
step,36,obs,PF,131.970229,97.625875,183.854067
step,37,Rt,true,1.799717,1.799717,1.799717
step,37,Rt,PS,1.778834,1.177944,2.691983
step,37,Rt,PF,1.728054,0.715768,3.815309
step,37,obs,true,161,161,161
step,37,obs,PS,159.583798,118.429151,221.187128
step,37,obs,PF,159.583798,118.429151,221.187128
step,38,Rt,true,1.799665,1.799665,1.799665
step,38,Rt,PS,1.782805,1.167259,2.603666
step,38,Rt,PF,1.731729,0.723823,3.827522
step,38,obs,true,195,195,195
step,38,obs,PS,193.576372,143.852202,267.393242
step,38,obs,PF,193.576372,143.852202,267.393242
step,39,Rt,true,1.799602,1.799602,1.799602
step,39,Rt,PS,1.774964,1.155190,2.554273
step,39,Rt,PF,1.727932,0.719263,3.810958
step,39,obs,true,236,236,236
step,39,obs,PS,234.142647,174.963021,322.947604
step,39,obs,PF,234.142647,174.963021,322.947604
step,40,Rt,true,1.799525,1.799525,1.799525
step,40,Rt,PS,1.781935,1.172051,2.638531
step,40,Rt,PF,1.734340,0.719357,3.793703
step,40,obs,true,285,285,285
step,40,obs,PS,283.159572,212.542945,388.726219
step,40,obs,PF,283.159572,212.542945,388.726219
step,41,Rt,true,1.799433,1.799433,1.799433
step,41,Rt,PS,1.782612,1.175066,2.598189
step,41,Rt,PF,1.728633,0.722269,3.810902
step,41,obs,true,345,345,345
step,41,obs,PS,342.121626,257.550839,469.479185
step,41,obs,PF,342.121626,257.550839,469.479185
step,42,Rt,true,1.799321,1.799321,1.799321
step,42,Rt,PS,1.806181,1.168299,2.629046
step,42,Rt,PF,1.733740,0.728742,3.801394
step,42,obs,true,417,417,417
step,42,obs,PS,413.615540,312.342304,567.366001
step,42,obs,PF,413.615540,312.342304,567.366001
step,43,Rt,true,1.799186,1.799186,1.799186
step,43,Rt,PS,1.801634,1.177153,2.659780
step,43,Rt,PF,1.730886,0.729930,3.784668
step,43,obs,true,504,504,504
step,43,obs,PS,500.240091,376.662271,684.396610
step,43,obs,PF,500.240091,376.662271,684.396610
step,44,Rt,true,1.799023,1.799023,1.799023
step,44,Rt,PS,1.817361,1.174463,2.653564
step,44,Rt,PF,1.728372,0.728117,3.764190
step,44,obs,true,609,609,609
step,44,obs,PS,604.882709,458.246146,825.042277
step,44,obs,PF,604.882709,458.246146,825.042277
step,45,Rt,true,1.798826,1.798826,1.798826
step,45,Rt,PS,1.828001,1.172786,2.670336
step,45,Rt,PF,1.725490,0.725192,3.787423
step,45,obs,true,736,736,736
step,45,obs,PS,730.522267,553.070220,997.155549
step,45,obs,PF,730.522267,553.070220,997.155549
step,46,Rt,true,1.798588,1.798588,1.798588
step,46,Rt,PS,1.850654,1.194607,2.671872
step,46,Rt,PF,1.729579,0.728875,3.783853
step,46,obs,true,889,889,889
step,46,obs,PS,884.694836,668.526039,1202.467227
step,46,obs,PF,884.694836,668.526039,1202.467227
step,47,Rt,true,1.798300,1.798300,1.798300
step,47,Rt,PS,1.825449,1.187378,2.656994
step,47,Rt,PF,1.723726,0.725259,3.760500
step,47,obs,true,1075,1075,1075
step,47,obs,PS,1066.587067,809.550028,1455.346101
step,47,obs,PF,1066.587067,809.550028,1455.346101
step,48,Rt,true,1.797952,1.797952,1.797952
step,48,Rt,PS,1.723629,1.126343,2.632812
step,48,Rt,PF,1.731818,0.733302,3.794390
step,48,obs,true,1299,1299,1299
step,48,obs,PS,1290.479970,979.118698,1757.357468
step,48,obs,PF,1290.479970,979.118698,1757.357468
step,49,Rt,true,1.797532,1.797532,1.797532
step,49,Rt,PS,1.514505,0.993111,2.207701
step,49,Rt,PF,1.736466,0.735664,3.782995
step,49,obs,true,1570,1570,1570
step,49,obs,PS,1563.339087,1181.110146,2121.036644
step,49,obs,PF,1563.339087,1181.110146,2121.036644
step,50,Rt,true,1.797024,1.797024,1.797024
step,50,Rt,PS,1.223730,0.789919,1.880477
step,50,Rt,PF,1.730050,0.741465,3.805051
step,50,obs,true,1897,1897,1897
step,50,obs,PS,1890.900396,1431.616902,2567.733495
step,50,obs,PF,1890.900396,1431.616902,2567.733495
step,51,Rt,true,0.598804,0.598804,0.598804
step,51,Rt,PS,0.971042,0.605450,1.463526
step,51,Rt,PF,1.651516,0.702600,3.624669
step,51,obs,true,2188,2188,2188
step,51,obs,PS,2216.227052,1678.564071,3005.835872
step,51,obs,PF,2216.227052,1678.564071,3005.835872
step,52,Rt,true,0.598725,0.598725,0.598725
step,52,Rt,PS,0.788783,0.483788,1.190507
step,52,Rt,PF,1.373307,0.565584,3.071890
step,52,obs,true,2176,2176,2176
step,52,obs,PS,2329.419919,1771.821030,3148.425911
step,52,obs,PF,2329.419919,1771.821030,3148.425911
step,53,Rt,true,0.598647,0.598647,0.598647
step,53,Rt,PS,0.665352,0.420079,1.042169
step,53,Rt,PF,1.073572,0.431694,2.468138
step,53,obs,true,2011,2011,2011
step,53,obs,PS,2232.582524,1707.732272,3005.668295
step,53,obs,PF,2232.582524,1707.732272,3005.668295
step,54,Rt,true,0.598575,0.598575,0.598575
step,54,Rt,PS,0.596950,0.365260,0.922791
step,54,Rt,PF,0.844281,0.324966,2.004675
step,54,obs,true,1808,1808,1808
step,54,obs,PS,2009.935045,1548.840716,2681.239539
step,54,obs,PF,2009.935045,1548.840716,2681.239539
step,55,Rt,true,0.598510,0.598510,0.598510
step,55,Rt,PS,0.570920,0.346562,0.902061
step,55,Rt,PF,0.692236,0.260715,1.702305
step,55,obs,true,1607,1607,1607
step,55,obs,PS,1753.510629,1355.285517,2328.274337
step,55,obs,PF,1753.510629,1355.285517,2328.274337
step,56,Rt,true,0.598452,0.598452,0.598452
step,56,Rt,PS,0.557243,0.339823,0.869641
step,56,Rt,PF,0.600136,0.218405,1.520743
step,56,obs,true,1422,1422,1422
step,56,obs,PS,1508.993182,1172.306862,1997.169330
step,56,obs,PF,1508.993182,1172.306862,1997.169330
step,57,Rt,true,0.598401,0.598401,0.598401
step,57,Rt,PS,0.558919,0.346520,0.883635
step,57,Rt,PF,0.548718,0.193734,1.414171
step,57,obs,true,1256,1256,1256
step,57,obs,PS,1297.524495,1010.119993,1712.709297
step,57,obs,PF,1297.524495,1010.119993,1712.709297
step,58,Rt,true,0.598356,0.598356,0.598356
step,58,Rt,PS,0.566794,0.342881,0.888322
step,58,Rt,PF,0.529093,0.182960,1.378857
step,58,obs,true,1108,1108,1108
step,58,obs,PS,1118.777383,875.246078,1473.344916
step,58,obs,PF,1118.777383,875.246078,1473.344916
step,59,Rt,true,0.598316,0.598316,0.598316
step,59,Rt,PS,0.572994,0.351896,0.894775
step,59,Rt,PF,0.524574,0.181568,1.368153
step,59,obs,true,977,977,977
step,59,obs,PS,971.262029,757.864510,1283.141832
step,59,obs,PF,971.262029,757.864510,1283.141832
step,60,Rt,true,0.598281,0.598281,0.598281
step,60,Rt,PS,0.578212,0.356076,0.893906
step,60,Rt,PF,0.533277,0.183652,1.388688
step,60,obs,true,862,862,862
step,60,obs,PS,850.141595,661.723971,1123.958749
step,60,obs,PF,850.141595,661.723971,1123.958749
step,61,Rt,true,0.598250,0.598250,0.598250
step,61,Rt,PS,0.586554,0.363949,0.908433
step,61,Rt,PF,0.541766,0.186383,1.413651
step,61,obs,true,760,760,760
step,61,obs,PS,748.866490,580.622646,991.154250
step,61,obs,PF,748.866490,580.622646,991.154250
step,62,Rt,true,0.598223,0.598223,0.598223
step,62,Rt,PS,0.585674,0.357950,0.929867
step,62,Rt,PF,0.552034,0.189668,1.439959
step,62,obs,true,670,670,670
step,62,obs,PS,660.020287,511.181003,876.709818
step,62,obs,PF,660.020287,511.181003,876.709818
step,63,Rt,true,0.598199,0.598199,0.598199
step,63,Rt,PS,0.592281,0.368292,0.929373
step,63,Rt,PF,0.561772,0.193139,1.458383
step,63,obs,true,591,591,591
step,63,obs,PS,583.192749,452.459263,775.006238
step,63,obs,PF,583.192749,452.459263,775.006238
step,64,Rt,true,0.598178,0.598178,0.598178
step,64,Rt,PS,0.593754,0.356447,0.908439
step,64,Rt,PF,0.567320,0.195589,1.469048
step,64,obs,true,521,521,521
step,64,obs,PS,515.256516,398.798306,686.202234
step,64,obs,PF,515.256516,398.798306,686.202234
step,65,Rt,true,0.598159,0.598159,0.598159
step,65,Rt,PS,0.590538,0.360504,0.940630
step,65,Rt,PF,0.566505,0.196292,1.459853
step,65,obs,true,459,459,459
step,65,obs,PS,455.115086,352.005932,604.319896
step,65,obs,PF,455.115086,352.005932,604.319896
step,66,Rt,true,0.598142,0.598142,0.598142
step,66,Rt,PS,0.590688,0.352684,0.925203
step,66,Rt,PF,0.569958,0.198516,1.470000
step,66,obs,true,405,405,405
step,66,obs,PS,402.204377,310.672950,533.821175
step,66,obs,PF,402.204377,310.672950,533.821175
step,67,Rt,true,0.598128,0.598128,0.598128
step,67,Rt,PS,0.581818,0.359198,0.906602
step,67,Rt,PF,0.568975,0.198715,1.490651
step,67,obs,true,357,357,357
step,67,obs,PS,354.370128,273.589141,472.798621
step,67,obs,PF,354.370128,273.589141,472.798621
step,68,Rt,true,0.598115,0.598115,0.598115
step,68,Rt,PS,0.572573,0.352113,0.881673
step,68,Rt,PF,0.563021,0.199870,1.478591
step,68,obs,true,315,315,315
step,68,obs,PS,311.898219,241.011973,417.359260
step,68,obs,PF,311.898219,241.011973,417.359260
step,69,Rt,true,0.598104,0.598104,0.598104
step,69,Rt,PS,0.571732,0.353996,0.912300
step,69,Rt,PF,0.562548,0.197116,1.492349
step,69,obs,true,278,278,278
step,69,obs,PS,275.248996,212.324018,368.665548
step,69,obs,PF,275.248996,212.324018,368.665548
step,70,Rt,true,0.598094,0.598094,0.598094
step,70,Rt,PS,0.578189,0.343788,0.930849
step,70,Rt,PF,0.563692,0.194591,1.478088
step,70,obs,true,245,245,245
step,70,obs,PS,242.623119,186.858120,324.762759
step,70,obs,PF,242.623119,186.858120,324.762759
step,71,Rt,true,0.598085,0.598085,0.598085
step,71,Rt,PS,0.579277,0.347401,0.927452
step,71,Rt,PF,0.561157,0.192559,1.481466
step,71,obs,true,216,216,216
step,71,obs,PS,213.718779,164.348654,287.647496
step,71,obs,PF,213.718779,164.348654,287.647496
step,72,Rt,true,0.598077,0.598077,0.598077
step,72,Rt,PS,0.604845,0.372312,0.961189
step,72,Rt,PF,0.561829,0.192605,1.478919
step,72,obs,true,190,190,190
step,72,obs,PS,188.072500,144.511575,252.964569
step,72,obs,PF,188.072500,144.511575,252.964569
step,73,Rt,true,0.598070,0.598070,0.598070
step,73,Rt,PS,0.644911,0.397520,1.036223
step,73,Rt,PF,0.560950,0.193530,1.477890
step,73,obs,true,168,168,168
step,73,obs,PS,165.901410,126.820288,222.797531
step,73,obs,PF,165.901410,126.820288,222.797531
step,74,Rt,true,0.598064,0.598064,0.598064
step,74,Rt,PS,0.699177,0.436713,1.116235
step,74,Rt,PF,0.563817,0.190974,1.486138
step,74,obs,true,148,148,148
step,74,obs,PS,146.625475,111.930208,197.550745
step,74,obs,PF,146.625475,111.930208,197.550745
step,75,Rt,true,0.598059,0.598059,0.598059
step,75,Rt,PS,0.791190,0.498742,1.212779
step,75,Rt,PF,0.556885,0.190382,1.478900
step,75,obs,true,130,130,130
step,75,obs,PS,128.917221,97.984240,174.045787
step,75,obs,PF,128.917221,97.984240,174.045787
step,76,Rt,true,1.196109,1.196109,1.196109
step,76,Rt,PS,0.904445,0.569382,1.391348
step,76,Rt,PF,0.573359,0.193026,1.508825
step,76,obs,true,118,118,118
step,76,obs,PS,115.140446,87.185602,156.405423
step,76,obs,PF,115.140446,87.185602,156.405423
step,77,Rt,true,1.196092,1.196092,1.196092
step,77,Rt,PS,1.027470,0.647534,1.539645
step,77,Rt,PF,0.648814,0.221314,1.680765
step,77,obs,true,116,116,116
step,77,obs,PS,108.645679,81.959251,148.371228
step,77,obs,PF,108.645679,81.959251,148.371228
step,78,Rt,true,1.196075,1.196075,1.196075
step,78,Rt,PS,1.122079,0.710592,1.704322
step,78,Rt,PF,0.790582,0.279266,2.017622
step,78,obs,true,120,120,120
step,78,obs,PS,109.676219,82.199726,150.418837
step,78,obs,PF,109.676219,82.199726,150.418837
step,79,Rt,true,1.196058,1.196058,1.196058
step,79,Rt,PS,1.179443,0.752917,1.826009
step,79,Rt,PF,0.953672,0.351511,2.369916
step,79,obs,true,126,126,126
step,79,obs,PS,116.012675,86.414170,159.371290
step,79,obs,PF,116.012675,86.414170,159.371290
step,80,Rt,true,1.196040,1.196040,1.196040
step,80,Rt,PS,1.204252,0.775605,1.826526
step,80,Rt,PF,1.079245,0.408240,2.612733
step,80,obs,true,132,132,132
step,80,obs,PS,124.597857,92.774067,171.931476
step,80,obs,PF,124.597857,92.774067,171.931476
step,81,Rt,true,1.196021,1.196021,1.196021
step,81,Rt,PS,1.206024,0.788682,1.819464
step,81,Rt,PF,1.149324,0.442768,2.698552
step,81,obs,true,139,139,139
step,81,obs,PS,133.938923,100.290584,185.267391
step,81,obs,PF,133.938923,100.290584,185.267391
step,82,Rt,true,1.196001,1.196001,1.196001
step,82,Rt,PS,1.215579,0.774573,1.815963
step,82,Rt,PF,1.181544,0.460105,2.832908
step,82,obs,true,147,147,147
step,82,obs,PS,143.760427,107.306192,197.443007
step,82,obs,PF,143.760427,107.306192,197.443007
step,83,Rt,true,1.195980,1.195980,1.195980
step,83,Rt,PS,1.200915,0.766261,1.799082
step,83,Rt,PF,1.178257,0.460947,2.787368
step,83,obs,true,154,154,154
step,83,obs,PS,152.548711,114.391141,210.376272
step,83,obs,PF,152.548711,114.391141,210.376272
step,84,Rt,true,1.195958,1.195958,1.195958
step,84,Rt,PS,1.183945,0.756731,1.775138
step,84,Rt,PF,1.170594,0.450470,2.759127
step,84,obs,true,163,163,163
step,84,obs,PS,161.820626,121.098477,222.359366
step,84,obs,PF,161.820626,121.098477,222.359366
step,85,Rt,true,1.195934,1.195934,1.195934
step,85,Rt,PS,1.187286,0.748325,1.764777
step,85,Rt,PF,1.155911,0.449676,2.712483
step,85,obs,true,171,171,171
step,85,obs,PS,170.216278,127.770780,233.860334
step,85,obs,PF,170.216278,127.770780,233.860334
step,86,Rt,true,1.195910,1.195910,1.195910
step,86,Rt,PS,1.169025,0.738008,1.794391
step,86,Rt,PF,1.140871,0.442039,2.691663
step,86,obs,true,180,180,180
step,86,obs,PS,179.106761,134.500463,244.928449
step,86,obs,PF,179.106761,134.500463,244.928449
step,87,Rt,true,1.195884,1.195884,1.195884
step,87,Rt,PS,1.170341,0.753442,1.797305
step,87,Rt,PF,1.138603,0.442787,2.710045
step,87,obs,true,190,190,190
step,87,obs,PS,188.519574,141.989003,258.411128
step,87,obs,PF,188.519574,141.989003,258.411128
step,88,Rt,true,1.195857,1.195857,1.195857
step,88,Rt,PS,1.180184,0.752766,1.777131
step,88,Rt,PF,1.139629,0.434784,2.662668
step,88,obs,true,200,200,200
step,88,obs,PS,198.369663,149.339244,272.073205
step,88,obs,PF,198.369663,149.339244,272.073205
step,89,Rt,true,1.195828,1.195828,1.195828
step,89,Rt,PS,1.190680,0.754944,1.812180
step,89,Rt,PF,1.138996,0.442518,2.692586
step,89,obs,true,211,211,211
step,89,obs,PS,209.023925,157.225771,285.929722
step,89,obs,PF,209.023925,157.225771,285.929722
step,90,Rt,true,1.195798,1.195798,1.195798
step,90,Rt,PS,1.184107,0.747512,1.802084
step,90,Rt,PF,1.138528,0.445470,2.691481
step,90,obs,true,222,222,222
step,90,obs,PS,219.695370,166.126938,301.076644
step,90,obs,PF,219.695370,166.126938,301.076644
step,91,Rt,true,1.195766,1.195766,1.195766
step,91,Rt,PS,1.188452,0.747434,1.786059
step,91,Rt,PF,1.142723,0.446515,2.675912
step,91,obs,true,234,234,234
step,91,obs,PS,231.583029,175.256187,316.911803
step,91,obs,PF,231.583029,175.256187,316.911803
step,92,Rt,true,1.195732,1.195732,1.195732
step,92,Rt,PS,1.169458,0.750141,1.781894
step,92,Rt,PF,1.141824,0.447113,2.678388
step,92,obs,true,246,246,246
step,92,obs,PS,244.258789,184.626376,332.712214
step,92,obs,PF,244.258789,184.626376,332.712214
step,93,Rt,true,1.195697,1.195697,1.195697
step,93,Rt,PS,1.180633,0.746829,1.825101
step,93,Rt,PF,1.145976,0.445799,2.686604
step,93,obs,true,260,260,260
step,93,obs,PS,257.995262,195.063468,350.829256
step,93,obs,PF,257.995262,195.063468,350.829256
step,94,Rt,true,1.195660,1.195660,1.195660
step,94,Rt,PS,1.175691,0.753870,1.802107
step,94,Rt,PF,1.139963,0.448319,2.658294
step,94,obs,true,273,273,273
step,94,obs,PS,271.774599,205.364345,368.096313
step,94,obs,PF,271.774599,205.364345,368.096313
step,95,Rt,true,1.195620,1.195620,1.195620
step,95,Rt,PS,1.176427,0.746977,1.794221
step,95,Rt,PF,1.137899,0.442519,2.658622
step,95,obs,true,288,288,288
step,95,obs,PS,285.977796,216.395947,387.977014
step,95,obs,PF,285.977796,216.395947,387.977014
step,96,Rt,true,1.195579,1.195579,1.195579
step,96,Rt,PS,1.177569,0.737517,1.755490
step,96,Rt,PF,1.145413,0.445955,2.682342
step,96,obs,true,303,303,303
step,96,obs,PS,300.974780,228.257383,408.927854
step,96,obs,PF,300.974780,228.257383,408.927854
step,97,Rt,true,1.195536,1.195536,1.195536
step,97,Rt,PS,1.167711,0.722325,1.796013
step,97,Rt,PF,1.142550,0.445064,2.681801
step,97,obs,true,319,319,319
step,97,obs,PS,316.801525,240.000328,431.040986
step,97,obs,PF,316.801525,240.000328,431.040986
step,98,Rt,true,1.195490,1.195490,1.195490
step,98,Rt,PS,1.154852,0.647456,1.905733
step,98,Rt,PF,1.147859,0.450689,2.667484
step,98,obs,true,336,336,336
step,98,obs,PS,334.061966,253.349644,453.689623
step,98,obs,PF,334.061966,253.349644,453.689623
step,99,Rt,true,1.195442,1.195442,1.195442
step,99,Rt,PS,1.150503,0.548035,2.197710
step,99,Rt,PF,1.144921,0.452236,2.673679
step,99,obs,true,354,354,354
step,99,obs,PS,352.034024,267.208229,477.618625
step,99,obs,PF,352.034024,267.208229,477.618625
step,100,Rt,true,1.195391,1.195391,1.195391
step,100,Rt,PS,1.144321,0.449688,2.705140
step,100,Rt,PF,1.144321,0.449688,2.705140
step,100,obs,true,373,373,373
step,100,obs,PS,370.778668,281.288069,503.920187
step,100,obs,PF,370.778668,281.288069,503.920187
sin,1,Rt,true,1.247073,1.247073,1.247073
sin,1,Rt,PS,1.135851,0.703543,1.903747
sin,1,Rt,PF,1.051407,0.582018,1.894481
sin,1,obs,true,6,6,6
sin,1,obs,PS,0.000000,0.000000,0.000000
sin,1,obs,PF,0.000000,0.000000,0.000000
sin,2,Rt,true,1.293857,1.293857,1.293857
sin,2,Rt,PS,1.239642,0.706526,2.116860
sin,2,Rt,PF,1.055603,0.458659,2.411428
sin,2,obs,true,6,6,6
sin,2,obs,PS,5.666401,3.439286,8.416177
sin,2,obs,PF,5.666401,3.439286,8.416177
sin,3,Rt,true,1.340063,1.340063,1.340063
sin,3,Rt,PS,1.302316,0.763851,2.209970
sin,3,Rt,PF,1.055761,0.383721,2.828118
sin,3,obs,true,6,6,6
sin,3,obs,PS,5.827286,3.866302,8.501983
sin,3,obs,PF,5.827286,3.866302,8.501983
sin,4,Rt,true,1.385404,1.385404,1.385404
sin,4,Rt,PS,1.370616,0.815009,2.172812
sin,4,Rt,PF,1.100711,0.355213,3.130236
sin,4,obs,true,7,7,7
sin,4,obs,PS,6.162683,3.990161,9.926379
sin,4,obs,PF,6.162683,3.990161,9.926379
sin,5,Rt,true,1.429603,1.429603,1.429603
sin,5,Rt,PS,1.407087,0.839045,2.295051
sin,5,Rt,PF,1.207432,0.371419,3.353468
sin,5,obs,true,8,8,8
sin,5,obs,PS,6.870982,4.184871,11.961787
sin,5,obs,PF,6.870982,4.184871,11.961787
sin,6,Rt,true,1.472385,1.472385,1.472385
sin,6,Rt,PS,1.461110,0.905346,2.334824
sin,6,Rt,PF,1.224556,0.393695,3.301456
sin,6,obs,true,8,8,8
sin,6,obs,PS,7.492421,4.351436,13.126171
sin,6,obs,PF,7.492421,4.351436,13.126171
sin,7,Rt,true,1.513488,1.513488,1.513488
sin,7,Rt,PS,1.504501,0.900103,2.371660
sin,7,Rt,PF,1.270520,0.426317,3.345738
sin,7,obs,true,9,9,9
sin,7,obs,PS,8.446266,4.864814,14.527673
sin,7,obs,PF,8.446266,4.864814,14.527673
sin,8,Rt,true,1.552657,1.552657,1.552657
sin,8,Rt,PS,1.544487,0.933073,2.452523
sin,8,Rt,PF,1.377809,0.483711,3.574395
sin,8,obs,true,11,11,11
sin,8,obs,PS,10.008668,5.915368,16.860711
sin,8,obs,PF,10.008668,5.915368,16.860711
sin,9,Rt,true,1.589652,1.589652,1.589652
sin,9,Rt,PS,1.590431,0.984818,2.567669
sin,9,Rt,PF,1.400563,0.492127,3.589299
sin,9,obs,true,12,12,12
sin,9,obs,PS,11.485338,6.967899,18.931917
sin,9,obs,PF,11.485338,6.967899,18.931917
sin,10,Rt,true,1.624244,1.624244,1.624244
sin,10,Rt,PS,1.612492,1.014272,2.491588
sin,10,Rt,PF,1.444344,0.512687,3.644564
sin,10,obs,true,14,14,14
sin,10,obs,PS,13.318985,8.254919,21.547161
sin,10,obs,PF,13.318985,8.254919,21.547161
sin,11,Rt,true,1.656219,1.656219,1.656219
sin,11,Rt,PS,1.648960,1.025851,2.607661
sin,11,Rt,PF,1.474684,0.524215,3.658296
sin,11,obs,true,16,16,16
sin,11,obs,PS,15.420485,9.804009,24.595896
sin,11,obs,PF,15.420485,9.804009,24.595896
sin,12,Rt,true,1.685381,1.685381,1.685381
sin,12,Rt,PS,1.678872,1.047537,2.566245
sin,12,Rt,PF,1.527657,0.558515,3.743989
sin,12,obs,true,19,19,19
sin,12,obs,PS,18.231140,11.765445,28.438501
sin,12,obs,PF,18.231140,11.765445,28.438501
sin,13,Rt,true,1.711549,1.711549,1.711549
sin,13,Rt,PS,1.691959,1.095302,2.561780
sin,13,Rt,PF,1.593760,0.595977,3.876782
sin,13,obs,true,23,23,23
sin,13,obs,PS,21.989596,14.536357,33.688833
sin,13,obs,PF,21.989596,14.536357,33.688833
sin,14,Rt,true,1.734561,1.734561,1.734561
sin,14,Rt,PS,1.707485,1.114487,2.536417
sin,14,Rt,PF,1.623931,0.614187,3.873005
sin,14,obs,true,27,27,27
sin,14,obs,PS,26.257688,17.592441,39.643518
sin,14,obs,PF,26.257688,17.592441,39.643518
sin,15,Rt,true,1.754276,1.754276,1.754276
sin,15,Rt,PS,1.726821,1.126583,2.628104
sin,15,Rt,PF,1.635756,0.628522,3.831029
sin,15,obs,true,32,32,32
sin,15,obs,PS,31.321316,21.429053,46.696252
sin,15,obs,PF,31.321316,21.429053,46.696252
sin,16,Rt,true,1.770572,1.770572,1.770572
sin,16,Rt,PS,1.743163,1.120360,2.578064
sin,16,Rt,PF,1.631099,0.637529,3.814762
sin,16,obs,true,38,38,38
sin,16,obs,PS,37.340353,25.947510,54.806122
sin,16,obs,PF,37.340353,25.947510,54.806122
sin,17,Rt,true,1.783348,1.783348,1.783348
sin,17,Rt,PS,1.753230,1.132250,2.627611
sin,17,Rt,PF,1.661923,0.661191,3.836163
sin,17,obs,true,46,46,46
sin,17,obs,PS,44.971982,31.649900,65.397440
sin,17,obs,PF,44.971982,31.649900,65.397440
sin,18,Rt,true,1.792524,1.792524,1.792524
sin,18,Rt,PS,1.756417,1.141113,2.708603
sin,18,Rt,PF,1.675034,0.668438,3.870614
sin,18,obs,true,55,55,55
sin,18,obs,PS,54.249953,38.438841,78.119583
sin,18,obs,PF,54.249953,38.438841,78.119583
sin,19,Rt,true,1.798043,1.798043,1.798043
sin,19,Rt,PS,1.768775,1.147742,2.642762
sin,19,Rt,PF,1.679368,0.673493,3.798848
sin,19,obs,true,66,66,66
sin,19,obs,PS,65.005515,46.851014,93.193635
sin,19,obs,PF,65.005515,46.851014,93.193635
sin,20,Rt,true,1.799871,1.799871,1.799871
sin,20,Rt,PS,1.771233,1.146920,2.712146
sin,20,Rt,PF,1.697013,0.687303,3.853524
sin,20,obs,true,80,80,80
sin,20,obs,PS,78.642050,57.197714,111.430789
sin,20,obs,PF,78.642050,57.197714,111.430789
sin,21,Rt,true,1.797996,1.797996,1.797996
sin,21,Rt,PS,1.784966,1.152949,2.600971
sin,21,Rt,PF,1.720408,0.711033,3.914802
sin,21,obs,true,97,97,97
sin,21,obs,PS,95.604060,69.569115,134.550968
sin,21,obs,PF,95.604060,69.569115,134.550968
sin,22,Rt,true,1.792428,1.792428,1.792428
sin,22,Rt,PS,1.769061,1.177518,2.644959
sin,22,Rt,PF,1.721877,0.709989,3.864396
sin,22,obs,true,117,117,117
sin,22,obs,PS,115.872512,85.048234,162.112476
sin,22,obs,PF,115.872512,85.048234,162.112476
sin,23,Rt,true,1.783200,1.783200,1.783200
sin,23,Rt,PS,1.793727,1.181001,2.630048
sin,23,Rt,PF,1.730411,0.716967,3.851464
sin,23,obs,true,141,141,141
sin,23,obs,PS,140.028675,103.473915,194.078759
sin,23,obs,PF,140.028675,103.473915,194.078759
sin,24,Rt,true,1.770369,1.770369,1.770369
sin,24,Rt,PS,1.764717,1.153597,2.630253
sin,24,Rt,PF,1.726021,0.710606,3.818944
sin,24,obs,true,170,170,170
sin,24,obs,PS,169.051605,125.452303,233.307340
sin,24,obs,PF,169.051605,125.452303,233.307340
sin,25,Rt,true,1.754013,1.754013,1.754013
sin,25,Rt,PS,1.712410,1.120975,2.556330
sin,25,Rt,PF,1.714756,0.712753,3.800421
sin,25,obs,true,205,205,205
sin,25,obs,PS,204.013514,151.816592,281.220614
sin,25,obs,PF,204.013514,151.816592,281.220614
sin,26,Rt,true,1.734230,1.734230,1.734230
sin,26,Rt,PS,1.699125,1.079224,2.526846
sin,26,Rt,PF,1.693404,0.711383,3.744206
sin,26,obs,true,245,245,245
sin,26,obs,PS,244.314025,182.888165,336.867047
sin,26,obs,PF,244.314025,182.888165,336.867047
sin,27,Rt,true,1.711143,1.711143,1.711143
sin,27,Rt,PS,1.678136,1.101656,2.484704
sin,27,Rt,PF,1.671524,0.695579,3.682062
sin,27,obs,true,292,292,292
sin,27,obs,PS,291.475680,218.531455,400.280062
sin,27,obs,PF,291.475680,218.531455,400.280062
sin,28,Rt,true,1.684891,1.684891,1.684891
sin,28,Rt,PS,1.654955,1.085524,2.518974
sin,28,Rt,PF,1.655636,0.695944,3.643830
sin,28,obs,true,347,347,347
sin,28,obs,PS,345.945907,260.379344,473.229306
sin,28,obs,PF,345.945907,260.379344,473.229306
sin,29,Rt,true,1.655637,1.655637,1.655637
sin,29,Rt,PS,1.651717,1.076496,2.441985
sin,29,Rt,PF,1.641634,0.685685,3.622687
sin,29,obs,true,410,410,410
sin,29,obs,PS,408.601135,307.916882,558.695597
sin,29,obs,PF,408.601135,307.916882,558.695597
sin,30,Rt,true,1.623559,1.623559,1.623559
sin,30,Rt,PS,1.608190,1.076339,2.400218
sin,30,Rt,PF,1.629785,0.677469,3.572964
sin,30,obs,true,481,481,481
sin,30,obs,PS,480.995514,363.262446,654.794427
sin,30,obs,PF,480.995514,363.262446,654.794427
sin,31,Rt,true,1.588854,1.588854,1.588854
sin,31,Rt,PS,1.586425,1.017374,2.367334
sin,31,Rt,PF,1.607689,0.660222,3.553899
sin,31,obs,true,561,561,561
sin,31,obs,PS,563.608599,423.833148,765.232033
sin,31,obs,PF,563.608599,423.833148,765.232033
sin,32,Rt,true,1.551737,1.551737,1.551737
sin,32,Rt,PS,1.533693,0.988715,2.245472
sin,32,Rt,PF,1.569434,0.644582,3.482934
sin,32,obs,true,649,649,649
sin,32,obs,PS,652.649595,493.551555,886.589747
sin,32,obs,PF,652.649595,493.551555,886.589747
sin,33,Rt,true,1.512436,1.512436,1.512436
sin,33,Rt,PS,1.484798,0.948899,2.205791
sin,33,Rt,PF,1.528800,0.636712,3.370655
sin,33,obs,true,745,745,745
sin,33,obs,PS,747.615510,566.692614,1015.348750
sin,33,obs,PF,747.615510,566.692614,1015.348750
sin,34,Rt,true,1.471194,1.471194,1.471194
sin,34,Rt,PS,1.445329,0.942889,2.181978
sin,34,Rt,PF,1.493731,0.614531,3.336318
sin,34,obs,true,848,848,848
sin,34,obs,PS,851.385117,645.743663,1156.382759
sin,34,obs,PF,851.385117,645.743663,1156.382759
sin,35,Rt,true,1.428267,1.428267,1.428267
sin,35,Rt,PS,1.401852,0.928424,2.095001
sin,35,Rt,PF,1.444569,0.590404,3.284286
sin,35,obs,true,956,956,956
sin,35,obs,PS,959.209673,727.615757,1299.980754
sin,35,obs,PF,959.209673,727.615757,1299.980754
sin,36,Rt,true,1.383919,1.383919,1.383919
sin,36,Rt,PS,1.363635,0.883390,2.029349
sin,36,Rt,PF,1.408314,0.577620,3.195472
sin,36,obs,true,1068,1068,1068
sin,36,obs,PS,1070.250884,815.779456,1451.175154
sin,36,obs,PF,1070.250884,815.779456,1451.175154
sin,37,Rt,true,1.338427,1.338427,1.338427
sin,37,Rt,PS,1.326503,0.847148,1.968924
sin,37,Rt,PF,1.371044,0.564212,3.120463
sin,37,obs,true,1181,1181,1181
sin,37,obs,PS,1184.466033,901.247487,1608.116923
sin,37,obs,PF,1184.466033,901.247487,1608.116923
sin,38,Rt,true,1.292072,1.292072,1.292072
sin,38,Rt,PS,1.282062,0.836950,1.913533
sin,38,Rt,PF,1.332173,0.543728,3.015400
sin,38,obs,true,1292,1292,1292
sin,38,obs,PS,1296.532207,988.963469,1756.166632
sin,38,obs,PF,1296.532207,988.963469,1756.166632
sin,39,Rt,true,1.245144,1.245144,1.245144
sin,39,Rt,PS,1.222473,0.801754,1.844054
sin,39,Rt,PF,1.287971,0.520920,2.954153
sin,39,obs,true,1398,1398,1398
sin,39,obs,PS,1403.519038,1074.116592,1895.259549
sin,39,obs,PF,1403.519038,1074.116592,1895.259549
sin,40,Rt,true,1.197932,1.197932,1.197932
sin,40,Rt,PS,1.178404,0.772067,1.768910
sin,40,Rt,PF,1.248750,0.503402,2.837366
sin,40,obs,true,1496,1496,1496
sin,40,obs,PS,1506.614496,1149.414753,2034.429441
sin,40,obs,PF,1506.614496,1149.414753,2034.429441
sin,41,Rt,true,1.150731,1.150731,1.150731
sin,41,Rt,PS,1.140137,0.724884,1.704109
sin,41,Rt,PF,1.202976,0.486390,2.770362
sin,41,obs,true,1582,1582,1582
sin,41,obs,PS,1593.410171,1217.441229,2152.888617
sin,41,obs,PF,1593.410171,1217.441229,2152.888617
sin,42,Rt,true,1.103834,1.103834,1.103834
sin,42,Rt,PS,1.101334,0.697844,1.640857
sin,42,Rt,PF,1.162052,0.461454,2.668427
sin,42,obs,true,1654,1654,1654
sin,42,obs,PS,1666.077460,1273.265584,2245.581024
sin,42,obs,PF,1666.077460,1273.265584,2245.581024
sin,43,Rt,true,1.057530,1.057530,1.057530
sin,43,Rt,PS,1.045967,0.665594,1.592692
sin,43,Rt,PF,1.118097,0.446261,2.598586
sin,43,obs,true,1708,1708,1708
sin,43,obs,PS,1725.275710,1321.257375,2319.941454
sin,43,obs,PF,1725.275710,1321.257375,2319.941454
sin,44,Rt,true,1.012106,1.012106,1.012106
sin,44,Rt,PS,0.997798,0.622059,1.506424
sin,44,Rt,PF,1.072949,0.427250,2.503519
sin,44,obs,true,1743,1743,1743
sin,44,obs,PS,1763.610218,1349.331581,2366.366952
sin,44,obs,PF,1763.610218,1349.331581,2366.366952
sin,45,Rt,true,0.967844,0.967844,0.967844
sin,45,Rt,PS,0.950015,0.615633,1.437452
sin,45,Rt,PF,1.029670,0.401627,2.403803
sin,45,obs,true,1757,1757,1757
sin,45,obs,PS,1776.561597,1365.108397,2389.308036
sin,45,obs,PF,1776.561597,1365.108397,2389.308036
sin,46,Rt,true,0.925014,0.925014,0.925014
sin,46,Rt,PS,0.920890,0.576233,1.370854
sin,46,Rt,PF,0.981702,0.380129,2.327769
sin,46,obs,true,1750,1750,1750
sin,46,obs,PS,1769.023890,1358.238036,2380.314320
sin,46,obs,PF,1769.023890,1358.238036,2380.314320
sin,47,Rt,true,0.883880,0.883880,0.883880
sin,47,Rt,PS,0.867302,0.545081,1.307910
sin,47,Rt,PF,0.935493,0.362578,2.223764
sin,47,obs,true,1722,1722,1722
sin,47,obs,PS,1737.615171,1336.926209,2335.614071
sin,47,obs,PF,1737.615171,1336.926209,2335.614071
sin,48,Rt,true,0.844695,0.844695,0.844695
sin,48,Rt,PS,0.830745,0.514052,1.261824
sin,48,Rt,PF,0.899797,0.345130,2.147056
sin,48,obs,true,1675,1675,1675
sin,48,obs,PS,1690.774595,1300.974015,2261.142101
sin,48,obs,PF,1690.774595,1300.974015,2261.142101
sin,49,Rt,true,0.807698,0.807698,0.807698
sin,49,Rt,PS,0.795846,0.506626,1.201823
sin,49,Rt,PF,0.859644,0.326105,2.062854
sin,49,obs,true,1610,1610,1610
sin,49,obs,PS,1627.908054,1254.516797,2168.101175
sin,49,obs,PF,1627.908054,1254.516797,2168.101175
sin,50,Rt,true,0.773114,0.773114,0.773114
sin,50,Rt,PS,0.767605,0.468413,1.168160
sin,50,Rt,PF,0.824278,0.309176,2.003159
sin,50,obs,true,1530,1530,1530
sin,50,obs,PS,1548.166045,1192.435451,2061.630676
sin,50,obs,PF,1548.166045,1192.435451,2061.630676
sin,51,Rt,true,0.741155,0.741155,0.741155
sin,51,Rt,PS,0.731722,0.446948,1.154703
sin,51,Rt,PF,0.791328,0.291641,1.928047
sin,51,obs,true,1439,1439,1439
sin,51,obs,PS,1456.692978,1122.493370,1934.539731
sin,51,obs,PF,1456.692978,1122.493370,1934.539731
sin,52,Rt,true,0.712014,0.712014,0.712014
sin,52,Rt,PS,0.702606,0.430901,1.071020
sin,52,Rt,PF,0.756545,0.279917,1.854983
sin,52,obs,true,1340,1340,1340
sin,52,obs,PS,1355.559806,1046.863610,1806.362120
sin,52,obs,PF,1355.559806,1046.863610,1806.362120
sin,53,Rt,true,0.685869,0.685869,0.685869
sin,53,Rt,PS,0.678379,0.409803,1.064548
sin,53,Rt,PF,0.725323,0.267947,1.785815
sin,53,obs,true,1235,1235,1235
sin,53,obs,PS,1248.681421,966.105650,1665.981729
sin,53,obs,PF,1248.681421,966.105650,1665.981729
sin,54,Rt,true,0.662878,0.662878,0.662878
sin,54,Rt,PS,0.655425,0.406909,1.024963
sin,54,Rt,PF,0.694597,0.252741,1.736913
sin,54,obs,true,1129,1129,1129
sin,54,obs,PS,1140.433101,879.721974,1515.534082
sin,54,obs,PF,1140.433101,879.721974,1515.534082
sin,55,Rt,true,0.643180,0.643180,0.643180
sin,55,Rt,PS,0.632183,0.383496,0.984224
sin,55,Rt,PF,0.665992,0.240988,1.675103
sin,55,obs,true,1023,1023,1023
sin,55,obs,PS,1029.474748,798.777656,1373.458929
sin,55,obs,PF,1029.474748,798.777656,1373.458929
sin,56,Rt,true,0.626896,0.626896,0.626896
sin,56,Rt,PS,0.616551,0.373160,0.957729
sin,56,Rt,PF,0.642395,0.229317,1.630264
sin,56,obs,true,921,921,921
sin,56,obs,PS,924.859087,718.064249,1235.770847
sin,56,obs,PF,924.859087,718.064249,1235.770847
sin,57,Rt,true,0.614122,0.614122,0.614122
sin,57,Rt,PS,0.605880,0.376236,0.942462
sin,57,Rt,PF,0.621011,0.222758,1.596523
sin,57,obs,true,824,824,824
sin,57,obs,PS,826.808639,640.167360,1100.503859
sin,57,obs,PF,826.808639,640.167360,1100.503859
sin,58,Rt,true,0.604937,0.604937,0.604937
sin,58,Rt,PS,0.599626,0.358517,0.933084
sin,58,Rt,PF,0.607224,0.213284,1.552880
sin,58,obs,true,733,733,733
sin,58,obs,PS,734.733961,570.064790,978.093116
sin,58,obs,PF,734.733961,570.064790,978.093116
sin,59,Rt,true,0.599395,0.599395,0.599395
sin,59,Rt,PS,0.584440,0.361697,0.926168
sin,59,Rt,PF,0.591045,0.207501,1.521976
sin,59,obs,true,650,650,650
sin,59,obs,PS,650.046119,504.615289,866.424055
sin,59,obs,PF,650.046119,504.615289,866.424055
sin,60,Rt,true,0.597530,0.597530,0.597530
sin,60,Rt,PS,0.579405,0.368830,0.925202
sin,60,Rt,PF,0.579259,0.203547,1.497199
sin,60,obs,true,575,575,575
sin,60,obs,PS,574.136464,444.941585,763.323824
sin,60,obs,PF,574.136464,444.941585,763.323824
sin,61,Rt,true,0.599351,0.599351,0.599351
sin,61,Rt,PS,0.588291,0.350932,0.921220
sin,61,Rt,PF,0.573687,0.198037,1.480820
sin,61,obs,true,507,507,507
sin,61,obs,PS,506.325919,391.856717,674.489153
sin,61,obs,PF,506.325919,391.856717,674.489153
sin,62,Rt,true,0.604847,0.604847,0.604847
sin,62,Rt,PS,0.588132,0.364051,0.928066
sin,62,Rt,PF,0.567513,0.197388,1.485079
sin,62,obs,true,448,448,448
sin,62,obs,PS,447.075355,344.495693,591.958393
sin,62,obs,PF,447.075355,344.495693,591.958393
sin,63,Rt,true,0.613983,0.613983,0.613983
sin,63,Rt,PS,0.604592,0.360553,0.952014
sin,63,Rt,PF,0.562330,0.196750,1.476287
sin,63,obs,true,395,395,395
sin,63,obs,PS,393.404098,302.652184,523.433303
sin,63,obs,PF,393.404098,302.652184,523.433303
sin,64,Rt,true,0.626702,0.626702,0.626702
sin,64,Rt,PS,0.617881,0.368655,0.967818
sin,64,Rt,PF,0.562661,0.196503,1.459854
sin,64,obs,true,350,350,350
sin,64,obs,PS,346.242049,267.956975,461.983206
sin,64,obs,PF,346.242049,267.956975,461.983206
sin,65,Rt,true,0.642925,0.642925,0.642925
sin,65,Rt,PS,0.639350,0.386145,1.004975
sin,65,Rt,PF,0.566485,0.195924,1.493744
sin,65,obs,true,311,311,311
sin,65,obs,PS,306.216994,236.721161,408.658388
sin,65,obs,PF,306.216994,236.721161,408.658388
sin,66,Rt,true,0.662551,0.662551,0.662551
sin,66,Rt,PS,0.652444,0.400970,1.037529
sin,66,Rt,PF,0.576087,0.199443,1.505206
sin,66,obs,true,278,278,278
sin,66,obs,PS,273.141847,210.410856,364.908697
sin,66,obs,PF,273.141847,210.410856,364.908697
sin,67,Rt,true,0.685460,0.685460,0.685460
sin,67,Rt,PS,0.670425,0.422018,1.065807
sin,67,Rt,PF,0.591756,0.203565,1.543320
sin,67,obs,true,250,250,250
sin,67,obs,PS,245.160104,188.434405,328.537955
sin,67,obs,PF,245.160104,188.434405,328.537955
sin,68,Rt,true,0.711510,0.711510,0.711510
sin,68,Rt,PS,0.695703,0.418494,1.085251
sin,68,Rt,PF,0.608422,0.208529,1.568110
sin,68,obs,true,226,226,226
sin,68,obs,PS,221.291951,169.578828,297.369326
sin,68,obs,PF,221.291951,169.578828,297.369326
sin,69,Rt,true,0.740538,0.740538,0.740538
sin,69,Rt,PS,0.732726,0.461055,1.163974
sin,69,Rt,PF,0.623478,0.217154,1.621900
sin,69,obs,true,206,206,206
sin,69,obs,PS,201.033452,154.125973,270.653350
sin,69,obs,PF,201.033452,154.125973,270.653350
sin,70,Rt,true,0.772368,0.772368,0.772368
sin,70,Rt,PS,0.759618,0.480093,1.182057
sin,70,Rt,PF,0.647916,0.228173,1.691076
sin,70,obs,true,190,190,190
sin,70,obs,PS,184.960014,141.220178,249.066959
sin,70,obs,PF,184.960014,141.220178,249.066959
sin,71,Rt,true,0.806801,0.806801,0.806801
sin,71,Rt,PS,0.789922,0.490929,1.207872
sin,71,Rt,PF,0.678445,0.241340,1.749477
sin,71,obs,true,177,177,177
sin,71,obs,PS,171.746538,131.210113,232.366274
sin,71,obs,PF,171.746538,131.210113,232.366274
sin,72,Rt,true,0.843625,0.843625,0.843625
sin,72,Rt,PS,0.830723,0.517822,1.278582
sin,72,Rt,PF,0.705189,0.251729,1.810067
sin,72,obs,true,166,166,166
sin,72,obs,PS,161.113132,122.345524,219.464158
sin,72,obs,PF,161.113132,122.345524,219.464158
sin,73,Rt,true,0.882614,0.882614,0.882614
sin,73,Rt,PS,0.868109,0.548681,1.323533
sin,73,Rt,PF,0.736328,0.266363,1.884660
sin,73,obs,true,158,158,158
sin,73,obs,PS,153.321194,116.060878,208.599559
sin,73,obs,PF,153.321194,116.060878,208.599559
sin,74,Rt,true,0.923525,0.923525,0.923525
sin,74,Rt,PS,0.907993,0.579393,1.387908
sin,74,Rt,PF,0.772691,0.277972,1.938363
sin,74,obs,true,152,152,152
sin,74,obs,PS,147.306583,111.528621,200.018524
sin,74,obs,PF,147.306583,111.528621,200.018524
sin,75,Rt,true,0.966108,0.966108,0.966108
sin,75,Rt,PS,0.965195,0.608226,1.456715
sin,75,Rt,PF,0.814061,0.292628,2.012976
sin,75,obs,true,148,148,148
sin,75,obs,PS,143.476419,108.476275,195.247979
sin,75,obs,PF,143.476419,108.476275,195.247979
sin,76,Rt,true,1.010098,1.010098,1.010098
sin,76,Rt,PS,1.000945,0.636018,1.510324
sin,76,Rt,PF,0.852103,0.311418,2.122620
sin,76,obs,true,146,146,146
sin,76,obs,PS,141.560755,106.676342,193.802081
sin,76,obs,PF,141.560755,106.676342,193.802081
sin,77,Rt,true,1.055225,1.055225,1.055225
sin,77,Rt,PS,1.038252,0.672496,1.604550
sin,77,Rt,PF,0.895717,0.330560,2.183411
sin,77,obs,true,145,145,145
sin,77,obs,PS,141.018957,106.246560,192.900895
sin,77,obs,PF,141.018957,106.246560,192.900895
sin,78,Rt,true,1.101209,1.101209,1.101209
sin,78,Rt,PS,1.079234,0.687327,1.658412
sin,78,Rt,PF,0.945114,0.350129,2.264071
sin,78,obs,true,147,147,147
sin,78,obs,PS,142.727214,107.408311,194.977591
sin,78,obs,PF,142.727214,107.408311,194.977591
sin,79,Rt,true,1.147767,1.147767,1.147767
sin,79,Rt,PS,1.129731,0.730437,1.749306
sin,79,Rt,PF,0.991423,0.368375,2.387942
sin,79,obs,true,150,150,150
sin,79,obs,PS,146.325963,109.706647,199.719868
sin,79,obs,PF,146.325963,109.706647,199.719868
sin,80,Rt,true,1.194611,1.194611,1.194611
sin,80,Rt,PS,1.175476,0.740211,1.789684
sin,80,Rt,PF,1.039821,0.398073,2.504683
sin,80,obs,true,156,156,156
sin,80,obs,PS,152.189412,113.760119,208.213818
sin,80,obs,PF,152.189412,113.760119,208.213818
sin,81,Rt,true,1.241452,1.241452,1.241452
sin,81,Rt,PS,1.212237,0.766573,1.855689
sin,81,Rt,PF,1.081234,0.416073,2.571044
sin,81,obs,true,163,163,163
sin,81,obs,PS,159.329219,119.835756,218.666788
sin,81,obs,PF,159.329219,119.835756,218.666788
sin,82,Rt,true,1.288000,1.288000,1.288000
sin,82,Rt,PS,1.283276,0.821804,1.960411
sin,82,Rt,PF,1.123516,0.430988,2.643809
sin,82,obs,true,173,173,173
sin,82,obs,PS,168.747986,127.121424,231.665226
sin,82,obs,PF,168.747986,127.121424,231.665226
sin,83,Rt,true,1.333968,1.333968,1.333968
sin,83,Rt,PS,1.326494,0.851715,2.017856
sin,83,Rt,PF,1.171840,0.456213,2.757613
sin,83,obs,true,186,186,186
sin,83,obs,PS,181.492033,136.313644,248.195481
sin,83,obs,PF,181.492033,136.313644,248.195481
sin,84,Rt,true,1.379070,1.379070,1.379070
sin,84,Rt,PS,1.365692,0.875317,2.048291
sin,84,Rt,PF,1.219476,0.472694,2.846451
sin,84,obs,true,202,202,202
sin,84,obs,PS,197.140590,148.607958,269.564100
sin,84,obs,PF,197.140590,148.607958,269.564100
sin,85,Rt,true,1.423027,1.423027,1.423027
sin,85,Rt,PS,1.413542,0.898284,2.130128
sin,85,Rt,PF,1.273409,0.502322,2.957614
sin,85,obs,true,222,222,222
sin,85,obs,PS,216.747087,163.019366,297.548169
sin,85,obs,PF,216.747087,163.019366,297.548169
sin,86,Rt,true,1.465568,1.465568,1.465568
sin,86,Rt,PS,1.442346,0.944384,2.167268
sin,86,Rt,PF,1.313559,0.519641,3.016979
sin,86,obs,true,246,246,246
sin,86,obs,PS,241.108210,181.651196,329.536213
sin,86,obs,PF,241.108210,181.651196,329.536213
sin,87,Rt,true,1.506428,1.506428,1.506428
sin,87,Rt,PS,1.485788,0.964079,2.177695
sin,87,Rt,PF,1.358689,0.544429,3.122267
sin,87,obs,true,276,276,276
sin,87,obs,PS,270.769741,203.454578,369.162757
sin,87,obs,PF,270.769741,203.454578,369.162757
sin,88,Rt,true,1.545352,1.545352,1.545352
sin,88,Rt,PS,1.519548,0.989621,2.268512
sin,88,Rt,PF,1.401605,0.567769,3.162257
sin,88,obs,true,313,313,313
sin,88,obs,PS,306.746639,231.310806,419.027636
sin,88,obs,PF,306.746639,231.310806,419.027636
sin,89,Rt,true,1.582099,1.582099,1.582099
sin,89,Rt,PS,1.565559,1.021763,2.298821
sin,89,Rt,PF,1.436599,0.575782,3.247187
sin,89,obs,true,357,357,357
sin,89,obs,PS,350.338141,264.727385,479.059752
sin,89,obs,PF,350.338141,264.727385,479.059752
sin,90,Rt,true,1.616437,1.616437,1.616437
sin,90,Rt,PS,1.589965,1.029222,2.375070
sin,90,Rt,PF,1.480111,0.603469,3.324015
sin,90,obs,true,412,412,412
sin,90,obs,PS,405.075622,305.383406,552.926664
sin,90,obs,PF,405.075622,305.383406,552.926664
sin,91,Rt,true,1.648152,1.648152,1.648152
sin,91,Rt,PS,1.633169,1.054144,2.401444
sin,91,Rt,PF,1.522318,0.623402,3.414293
sin,91,obs,true,478,478,478
sin,91,obs,PS,471.581174,355.611454,642.603608
sin,91,obs,PF,471.581174,355.611454,642.603608
sin,92,Rt,true,1.677044,1.677044,1.677044
sin,92,Rt,PS,1.653650,1.093908,2.460596
sin,92,Rt,PF,1.552855,0.641152,3.449229
sin,92,obs,true,559,559,559
sin,92,obs,PS,551.145512,416.828654,751.508537
sin,92,obs,PF,551.145512,416.828654,751.508537
sin,93,Rt,true,1.702927,1.702927,1.702927
sin,93,Rt,PS,1.692799,1.105963,2.510653
sin,93,Rt,PF,1.578902,0.656249,3.505450
sin,93,obs,true,657,657,657
sin,93,obs,PS,647.491304,490.802568,882.915431
sin,93,obs,PF,647.491304,490.802568,882.915431
sin,94,Rt,true,1.725637,1.725637,1.725637
sin,94,Rt,PS,1.715560,1.128432,2.556466
sin,94,Rt,PF,1.607700,0.668615,3.568636
sin,94,obs,true,777,777,777
sin,94,obs,PS,767.286706,580.270652,1043.615297
sin,94,obs,PF,767.286706,580.270652,1043.615297
sin,95,Rt,true,1.745023,1.745023,1.745023
sin,95,Rt,PS,1.735183,1.127928,2.532606
sin,95,Rt,PF,1.635941,0.685050,3.601885
sin,95,obs,true,924,924,924
sin,95,obs,PS,912.267940,692.274639,1242.301717
sin,95,obs,PF,912.267940,692.274639,1242.301717
sin,96,Rt,true,1.760957,1.760957,1.760957
sin,96,Rt,PS,1.740036,1.141382,2.563875
sin,96,Rt,PF,1.657574,0.698018,3.627949
sin,96,obs,true,1104,1104,1104
sin,96,obs,PS,1089.839087,826.431716,1484.530501
sin,96,obs,PF,1089.839087,826.431716,1484.530501
sin,97,Rt,true,1.773329,1.773329,1.773329
sin,97,Rt,PS,1.736558,1.135053,2.580628
sin,97,Rt,PF,1.683983,0.702043,3.713249
sin,97,obs,true,1323,1323,1323
sin,97,obs,PS,1309.310007,993.557063,1776.685211
sin,97,obs,PF,1309.310007,993.557063,1776.685211
sin,98,Rt,true,1.782047,1.782047,1.782047
sin,98,Rt,PS,1.739526,1.063760,2.698268
sin,98,Rt,PF,1.700008,0.718290,3.741014
sin,98,obs,true,1589,1589,1589
sin,98,obs,PS,1573.446034,1196.434919,2147.570289
sin,98,obs,PF,1573.446034,1196.434919,2147.570289
sin,99,Rt,true,1.787043,1.787043,1.787043
sin,99,Rt,PS,1.731497,0.883948,3.069441
sin,99,Rt,PF,1.714977,0.724813,3.762139
sin,99,obs,true,1913,1913,1913
sin,99,obs,PS,1896.802809,1442.471094,2586.736169
sin,99,obs,PF,1896.802809,1442.471094,2586.736169
sin,100,Rt,true,1.788266,1.788266,1.788266
sin,100,Rt,PS,1.721647,0.722083,3.788233
sin,100,Rt,PF,1.721647,0.722083,3.788233
sin,100,obs,true,2306,2306,2306
sin,100,obs,PS,2289.555203,1739.680499,3116.152780
sin,100,obs,PF,2289.555203,1739.680499,3116.152780
