day,age_group,Rt
1,0-5,1.339049
1,6-11,2.311691
1,12-17,1.442413
1,18-44,0.716412
1,45-64,0.585959
1,65+,0.477594
2,0-5,1.349362
2,6-11,2.324930
2,12-17,1.454397
2,18-44,0.722411
2,45-64,0.591069
2,65+,0.481464
3,0-5,1.359660
3,6-11,2.337983
3,12-17,1.466397
3,18-44,0.728456
3,45-64,0.596248
3,65+,0.485405
4,0-5,1.369933
4,6-11,2.350811
4,12-17,1.478402
4,18-44,0.734541
4,45-64,0.601493
4,65+,0.489412
5,0-5,1.380172
5,6-11,2.363382
5,12-17,1.490403
5,18-44,0.740661
5,45-64,0.606798
5,65+,0.493482
6,0-5,1.390367
6,6-11,2.375661
6,12-17,1.502389
6,18-44,0.746809
6,45-64,0.612161
6,65+,0.497614
7,0-5,1.400506
7,6-11,2.387607
7,12-17,1.514351
7,18-44,0.752980
7,45-64,0.617576
7,65+,0.501802
8,0-5,1.410578
8,6-11,2.399174
8,12-17,1.526277
8,18-44,0.759166
8,45-64,0.623040
8,65+,0.506044
9,0-5,1.420567
9,6-11,2.410305
9,12-17,1.538152
9,18-44,0.765359
9,45-64,0.628547
9,65+,0.510336
10,0-5,1.430456
10,6-11,2.420932
10,12-17,1.549963
10,18-44,0.771548
10,45-64,0.634091
10,65+,0.514671
11,0-5,1.440226
11,6-11,2.430973
11,12-17,1.561690
11,18-44,0.777724
11,45-64,0.639665
11,65+,0.519046
12,0-5,1.449854
12,6-11,2.440330
12,12-17,1.573314
12,18-44,0.783872
12,45-64,0.645262
12,65+,0.523452
13,0-5,1.459311
13,6-11,2.448882
13,12-17,1.584811
13,18-44,0.789978
13,45-64,0.650872
13,65+,0.527885
14,0-5,1.468566
14,6-11,2.456486
14,12-17,1.596151
14,18-44,0.796023
14,45-64,0.656485
14,65+,0.532333
15,0-5,1.477580
15,6-11,2.462969
15,12-17,1.607303
15,18-44,0.801986
15,45-64,0.662089
15,65+,0.536789
16,0-5,1.486304
16,6-11,2.468122
16,12-17,1.618224
16,18-44,0.807840
16,45-64,0.667670
16,65+,0.541239
17,0-5,1.494685
17,6-11,2.471696
17,12-17,1.628868
17,18-44,0.813555
17,45-64,0.673209
17,65+,0.545670
18,0-5,1.502654
18,6-11,2.473394
18,12-17,1.639178
18,18-44,0.819096
18,45-64,0.678688
18,65+,0.550065
19,0-5,1.510132
19,6-11,2.472868
19,12-17,1.649086
19,18-44,0.824418
19,45-64,0.684081
19,65+,0.554406
20,0-5,1.517023
20,6-11,2.469709
20,12-17,1.658510
20,18-44,0.829473
20,45-64,0.689363
20,65+,0.558669
21,0-5,1.523216
21,6-11,2.463448
21,12-17,1.667356
21,18-44,0.834200
21,45-64,0.694499
21,65+,0.562830
22,0-5,1.528579
22,6-11,2.453554
22,12-17,1.675512
22,18-44,0.838535
22,45-64,0.699454
22,65+,0.566857
23,0-5,1.532962
23,6-11,2.439441
23,12-17,1.682849
23,18-44,0.842399
23,45-64,0.704184
23,65+,0.570717
24,0-5,1.536191
24,6-11,2.420485
24,12-17,1.689220
24,18-44,0.845710
24,45-64,0.708641
24,65+,0.574373
25,0-5,1.538076
25,6-11,2.396044
25,12-17,1.694459
25,18-44,0.848378
25,45-64,0.712775
25,65+,0.577785
26,0-5,1.538409
26,6-11,2.365505
26,12-17,1.698384
26,18-44,0.850308
26,45-64,0.716529
26,65+,0.580910
27,0-5,1.536973
27,6-11,2.328335
27,12-17,1.700803
27,18-44,0.851409
27,45-64,0.719848
27,65+,0.583707
28,0-5,1.533549
28,6-11,2.284154
28,12-17,1.701519
28,18-44,0.851597
28,45-64,0.722678
28,65+,0.586138
29,0-5,1.527933
29,6-11,2.232815
29,12-17,1.700336
29,18-44,0.850805
29,45-64,0.724969
29,65+,0.588169
30,0-5,1.519950
30,6-11,2.174479
30,12-17,1.697079
30,18-44,0.848988
30,45-64,0.726683
30,65+,0.589777
31,0-5,1.509469
31,6-11,2.109682
31,12-17,1.691596
31,18-44,0.846135
31,45-64,0.727795
31,65+,0.590954
32,0-5,1.496425
32,6-11,2.039356
32,12-17,1.683780
32,18-44,0.842273
32,45-64,0.728298
32,65+,0.591705
33,0-5,1.480829
33,6-11,1.964809
33,12-17,1.673573
33,18-44,0.837470
33,45-64,0.728206
33,65+,0.592053
34,0-5,1.462781
34,6-11,1.887639
34,12-17,1.660977
34,18-44,0.831830
34,45-64,0.727549
34,65+,0.592035
35,0-5,1.442463
35,6-11,1.809602
35,12-17,1.646053
35,18-44,0.825488
35,45-64,0.726377
35,65+,0.591703
36,0-5,1.420138
36,6-11,1.732447
36,12-17,1.628921
36,18-44,0.818595
36,45-64,0.724752
36,65+,0.591115
37,0-5,1.396133
37,6-11,1.657761
37,12-17,1.609753
37,18-44,0.811312
37,45-64,0.722744
37,65+,0.590333
38,0-5,1.370818
38,6-11,1.586842
38,12-17,1.588767
38,18-44,0.803791
38,45-64,0.720427
38,65+,0.589417
39,0-5,1.344588
39,6-11,1.520628
39,12-17,1.566216
39,18-44,0.796173
39,45-64,0.717872
39,65+,0.588422
40,0-5,1.317840
40,6-11,1.459686
40,12-17,1.542381
40,18-44,0.788577
40,45-64,0.715149
40,65+,0.587398
41,0-5,1.290953
41,6-11,1.404245
41,12-17,1.517563
41,18-44,0.781104
41,45-64,0.712322
41,65+,0.586383
42,0-5,1.264279
42,6-11,1.354261
42,12-17,1.492072
42,18-44,0.773835
42,45-64,0.709447
42,65+,0.585414
43,0-5,1.238125
43,6-11,1.309493
43,12-17,1.466220
43,18-44,0.766831
43,45-64,0.706578
43,65+,0.584516
44,0-5,1.212753
44,6-11,1.269576
44,12-17,1.440311
44,18-44,0.760141
44,45-64,0.703760
44,65+,0.583713
45,0-5,1.188372
45,6-11,1.234079
45,12-17,1.414631
45,18-44,0.753800
45,45-64,0.701036
45,65+,0.583021
46,0-5,1.165143
46,6-11,1.202554
46,12-17,1.389444
46,18-44,0.747835
46,45-64,0.698441
46,65+,0.582457
47,0-5,1.143177
47,6-11,1.174563
47,12-17,1.364981
47,18-44,0.742263
47,45-64,0.696005
47,65+,0.582032
48,0-5,1.122545
48,6-11,1.149695
48,12-17,1.341439
48,18-44,0.737094
48,45-64,0.693755
48,65+,0.581754
49,0-5,1.103279
49,6-11,1.127582
49,12-17,1.318977
49,18-44,0.732333
49,45-64,0.691711
49,65+,0.581631
50,0-5,1.085382
50,6-11,1.107894
50,12-17,1.297714
50,18-44,0.727981
50,45-64,0.689889
50,65+,0.581667
51,0-5,1.068832
51,6-11,1.090343
51,12-17,1.277736
51,18-44,0.724031
51,45-64,0.688300
51,65+,0.581864
52,0-5,1.053589
52,6-11,1.074677
52,12-17,1.259092
52,18-44,0.720478
52,45-64,0.686950
52,65+,0.582224
53,0-5,1.039599
53,6-11,1.060681
53,12-17,1.241802
53,18-44,0.717310
53,45-64,0.685844
53,65+,0.582745
54,0-5,1.026798
54,6-11,1.048166
54,12-17,1.225861
54,18-44,0.714513
54,45-64,0.684979
54,65+,0.583425
55,0-5,1.015117
55,6-11,1.036969
55,12-17,1.211241
55,18-44,0.712073
55,45-64,0.684354
55,65+,0.584260
56,0-5,1.004483
56,6-11,1.026948
56,12-17,1.197900
56,18-44,0.709973
56,45-64,0.683962
56,65+,0.585245
57,0-5,0.994825
57,6-11,1.017980
57,12-17,1.185780
57,18-44,0.708196
57,45-64,0.683795
57,65+,0.586376
58,0-5,0.986069
58,6-11,1.009957
58,12-17,1.174817
58,18-44,0.706722
58,45-64,0.683844
58,65+,0.587644
59,0-5,0.978144
59,6-11,1.002781
59,12-17,1.164941
59,18-44,0.705534
59,45-64,0.684097
59,65+,0.589042
60,0-5,0.970985
60,6-11,0.996369
60,12-17,1.156077
60,18-44,0.704613
60,45-64,0.684545
60,65+,0.590564
61,0-5,0.964526
61,6-11,0.990644
61,12-17,1.148150
61,18-44,0.703939
61,45-64,0.685173
61,65+,0.592201
62,0-5,0.958707
62,6-11,0.985538
62,12-17,1.141086
62,18-44,0.703495
62,45-64,0.685971
62,65+,0.593945
63,0-5,0.953470
63,6-11,0.980990
63,12-17,1.134813
63,18-44,0.703262
63,45-64,0.686924
63,65+,0.595787
64,0-5,0.948763
64,6-11,0.976944
64,12-17,1.129261
64,18-44,0.703222
64,45-64,0.688021
64,65+,0.597720
65,0-5,0.944537
65,6-11,0.973350
65,12-17,1.124363
65,18-44,0.703360
65,45-64,0.689248
65,65+,0.599735
66,0-5,0.940745
66,6-11,0.970162
66,12-17,1.120057
66,18-44,0.703657
66,45-64,0.690594
66,65+,0.601824
67,0-5,0.937344
67,6-11,0.967338
67,12-17,1.116285
67,18-44,0.704100
67,45-64,0.692047
67,65+,0.603978
68,0-5,0.934296
68,6-11,0.964841
68,12-17,1.112991
68,18-44,0.704672
68,45-64,0.693594
68,65+,0.606191
69,0-5,0.931564
69,6-11,0.962634
69,12-17,1.110126
69,18-44,0.705361
69,45-64,0.695226
69,65+,0.608455
70,0-5,0.929115
70,6-11,0.960687
70,12-17,1.107642
70,18-44,0.706151
70,45-64,0.696931
70,65+,0.610762
71,0-5,0.926917
71,6-11,0.958969
71,12-17,1.105496
71,18-44,0.707032
71,45-64,0.698699
71,65+,0.613105
72,0-5,0.924943
72,6-11,0.957455
72,12-17,1.103649
72,18-44,0.707990
72,45-64,0.700520
72,65+,0.615478
73,0-5,0.923165
73,6-11,0.956118
73,12-17,1.102064
73,18-44,0.709014
73,45-64,0.702385
73,65+,0.617875
74,0-5,0.921561
74,6-11,0.954937
74,12-17,1.100708
74,18-44,0.710094
74,45-64,0.704286
74,65+,0.620288
75,0-5,0.920107
75,6-11,0.953891
75,12-17,1.099550
75,18-44,0.711220
75,45-64,0.706214
75,65+,0.622713
76,0-5,0.918783
76,6-11,0.952961
76,12-17,1.098564
76,18-44,0.712382
76,45-64,0.708162
76,65+,0.625143
77,0-5,0.917571
77,6-11,0.952128
77,12-17,1.097722
77,18-44,0.713572
77,45-64,0.710121
77,65+,0.627574
78,0-5,0.916454
78,6-11,0.951377
78,12-17,1.097002
78,18-44,0.714780
78,45-64,0.712086
78,65+,0.629999
79,0-5,0.915414
79,6-11,0.950693
79,12-17,1.096383
79,18-44,0.716001
79,45-64,0.714049
79,65+,0.632415
80,0-5,0.914439
80,6-11,0.950063
80,12-17,1.095845
80,18-44,0.717225
80,45-64,0.716005
80,65+,0.634817
81,0-5,0.913513
81,6-11,0.949472
81,12-17,1.095371
81,18-44,0.718448
81,45-64,0.717947
81,65+,0.637200
82,0-5,0.912626
82,6-11,0.948911
82,12-17,1.094944
82,18-44,0.719661
82,45-64,0.719870
82,65+,0.639561
83,0-5,0.911765
83,6-11,0.948368
83,12-17,1.094550
83,18-44,0.720859
83,45-64,0.721769
83,65+,0.641895
84,0-5,0.910920
84,6-11,0.947834
84,12-17,1.094175
84,18-44,0.722038
84,45-64,0.723639
84,65+,0.644198
85,0-5,0.910081
85,6-11,0.947300
85,12-17,1.093807
85,18-44,0.723190
85,45-64,0.725476
85,65+,0.646468
86,0-5,0.909241
86,6-11,0.946757
86,12-17,1.093435
86,18-44,0.724313
86,45-64,0.727275
86,65+,0.648700
87,0-5,0.908390
87,6-11,0.946198
87,12-17,1.093047
87,18-44,0.725400
87,45-64,0.729032
87,65+,0.650892
88,0-5,0.907521
88,6-11,0.945615
88,12-17,1.092636
88,18-44,0.726449
88,45-64,0.730743
88,65+,0.653040
89,0-5,0.906628
89,6-11,0.945004
89,12-17,1.092192
89,18-44,0.727454
89,45-64,0.732405
89,65+,0.655142
90,0-5,0.905703
90,6-11,0.944357
90,12-17,1.091708
90,18-44,0.728412
90,45-64,0.734015
90,65+,0.657195
91,0-5,0.904742
91,6-11,0.943669
91,12-17,1.091175
91,18-44,0.729321
91,45-64,0.735569
91,65+,0.659196
92,0-5,0.903740
92,6-11,0.942936
92,12-17,1.090589
92,18-44,0.730176
92,45-64,0.737065
92,65+,0.661143
93,0-5,0.902691
93,6-11,0.942153
93,12-17,1.089942
93,18-44,0.730974
93,45-64,0.738499
93,65+,0.663033
94,0-5,0.901591
94,6-11,0.941316
94,12-17,1.089229
94,18-44,0.731714
94,45-64,0.739869
94,65+,0.664866
95,0-5,0.900436
95,6-11,0.940421
95,12-17,1.088446
95,18-44,0.732392
95,45-64,0.741173
95,65+,0.666637
96,0-5,0.899222
96,6-11,0.939465
96,12-17,1.087587
96,18-44,0.733005
96,45-64,0.742408
96,65+,0.668346
97,0-5,0.897947
97,6-11,0.938445
97,12-17,1.086649
97,18-44,0.733553
97,45-64,0.743572
97,65+,0.669990
98,0-5,0.896607
98,6-11,0.937357
98,12-17,1.085628
98,18-44,0.734032
98,45-64,0.744663
98,65+,0.671568
99,0-5,0.895199
99,6-11,0.936200
99,12-17,1.084520
99,18-44,0.734440
99,45-64,0.745680
99,65+,0.673078
100,0-5,0.893721
100,6-11,0.934972
100,12-17,1.083323
100,18-44,0.734777
100,45-64,0.746620
100,65+,0.674518
101,0-5,0.892172
101,6-11,0.933669
101,12-17,1.082034
101,18-44,0.735039
101,45-64,0.747482
101,65+,0.675888
102,0-5,0.890549
102,6-11,0.932291
102,12-17,1.080649
102,18-44,0.735227
102,45-64,0.748264
102,65+,0.677185
103,0-5,0.888850
103,6-11,0.930835
103,12-17,1.079168
103,18-44,0.735338
103,45-64,0.748965
103,65+,0.678408
104,0-5,0.887073
104,6-11,0.929301
104,12-17,1.077588
104,18-44,0.735371
104,45-64,0.749584
104,65+,0.679557
105,0-5,0.885219
105,6-11,0.927687
105,12-17,1.075908
105,18-44,0.735325
105,45-64,0.750119
105,65+,0.680629
106,0-5,0.883285
106,6-11,0.925991
106,12-17,1.074125
106,18-44,0.735199
106,45-64,0.750569
106,65+,0.681624
107,0-5,0.881270
107,6-11,0.924214
107,12-17,1.072239
107,18-44,0.734992
107,45-64,0.750934
107,65+,0.682541
108,0-5,0.879174
108,6-11,0.922355
108,12-17,1.070249
108,18-44,0.734703
108,45-64,0.751212
108,65+,0.683379
109,0-5,0.876996
109,6-11,0.920412
109,12-17,1.068153
109,18-44,0.734332
109,45-64,0.751402
109,65+,0.684136
110,0-5,0.874736
110,6-11,0.918385
110,12-17,1.065951
110,18-44,0.733877
110,45-64,0.751505
110,65+,0.684813
111,0-5,0.872393
111,6-11,0.916275
111,12-17,1.063643
111,18-44,0.733339
111,45-64,0.751518
111,65+,0.685408
112,0-5,0.869967
112,6-11,0.914080
112,12-17,1.061227
112,18-44,0.732717
112,45-64,0.751442
112,65+,0.685921
113,0-5,0.867459
113,6-11,0.911801
113,12-17,1.058705
113,18-44,0.732010
113,45-64,0.751275
113,65+,0.686351
114,0-5,0.864867
114,6-11,0.909438
114,12-17,1.056074
114,18-44,0.731218
114,45-64,0.751019
114,65+,0.686697
115,0-5,0.862192
115,6-11,0.906990
115,12-17,1.053337
115,18-44,0.730341
115,45-64,0.750671
115,65+,0.686960
116,0-5,0.859434
116,6-11,0.904458
116,12-17,1.050492
116,18-44,0.729378
116,45-64,0.750232
116,65+,0.687138
117,0-5,0.856595
117,6-11,0.901843
117,12-17,1.047540
117,18-44,0.728330
117,45-64,0.749702
117,65+,0.687231
118,0-5,0.853673
118,6-11,0.899145
118,12-17,1.044481
118,18-44,0.727197
118,45-64,0.749080
118,65+,0.687239
119,0-5,0.850670
119,6-11,0.896363
119,12-17,1.041317
119,18-44,0.725979
119,45-64,0.748366
119,65+,0.687161
120,0-5,0.847586
120,6-11,0.893500
120,12-17,1.038046
120,18-44,0.724675
120,45-64,0.747560
120,65+,0.686998
121,0-5,0.844423
121,6-11,0.890555
121,12-17,1.034671
121,18-44,0.723286
121,45-64,0.746663
121,65+,0.686749
122,0-5,0.841180
122,6-11,0.887529
122,12-17,1.031192
122,18-44,0.721812
122,45-64,0.745674
122,65+,0.686414
123,0-5,0.837858
123,6-11,0.884423
123,12-17,1.027609
123,18-44,0.720253
123,45-64,0.744593
123,65+,0.685993
124,0-5,0.834459
124,6-11,0.881238
124,12-17,1.023924
124,18-44,0.718610
124,45-64,0.743421
124,65+,0.685486
125,0-5,0.830984
125,6-11,0.877975
125,12-17,1.020138
125,18-44,0.716884
125,45-64,0.742158
125,65+,0.684892
126,0-5,0.827433
126,6-11,0.874635
126,12-17,1.016252
126,18-44,0.715074
126,45-64,0.740804
126,65+,0.684213
127,0-5,0.823808
127,6-11,0.871218
127,12-17,1.012266
127,18-44,0.713181
127,45-64,0.739360
127,65+,0.683448
128,0-5,0.820110
128,6-11,0.867726
128,12-17,1.008184
128,18-44,0.711206
128,45-64,0.737825
128,65+,0.682598
129,0-5,0.816340
129,6-11,0.864161
129,12-17,1.004005
129,18-44,0.709149
129,45-64,0.736201
129,65+,0.681662
130,0-5,0.812499
130,6-11,0.860523
130,12-17,0.999731
130,18-44,0.707012
130,45-64,0.734487
130,65+,0.680640
131,0-5,0.808589
131,6-11,0.856814
131,12-17,0.995364
131,18-44,0.704794
131,45-64,0.732686
131,65+,0.679534
132,0-5,0.804612
132,6-11,0.853034
132,12-17,0.990905
132,18-44,0.702497
132,45-64,0.730796
132,65+,0.678343
133,0-5,0.800568
133,6-11,0.849187
133,12-17,0.986356
133,18-44,0.700121
133,45-64,0.728819
133,65+,0.677069
134,0-5,0.796459
134,6-11,0.845272
134,12-17,0.981719
134,18-44,0.697667
134,45-64,0.726755
134,65+,0.675710
135,0-5,0.792287
135,6-11,0.841291
135,12-17,0.976995
135,18-44,0.695137
135,45-64,0.724606
135,65+,0.674269
136,0-5,0.788053
136,6-11,0.837247
136,12-17,0.972187
136,18-44,0.692530
136,45-64,0.722372
136,65+,0.672745
137,0-5,0.783759
137,6-11,0.833140
137,12-17,0.967295
137,18-44,0.689849
137,45-64,0.720053
137,65+,0.671138
138,0-5,0.779407
138,6-11,0.828972
138,12-17,0.962323
138,18-44,0.687094
138,45-64,0.717652
138,65+,0.669451
139,0-5,0.774999
139,6-11,0.824745
139,12-17,0.957272
139,18-44,0.684266
139,45-64,0.715168
139,65+,0.667682
140,0-5,0.770536
140,6-11,0.820460
140,12-17,0.952143
140,18-44,0.681367
140,45-64,0.712603
140,65+,0.665834
141,0-5,0.766019
141,6-11,0.816119
141,12-17,0.946940
141,18-44,0.678397
141,45-64,0.709958
141,65+,0.663906
142,0-5,0.761452
142,6-11,0.811725
142,12-17,0.941664
142,18-44,0.675358
142,45-64,0.707233
142,65+,0.661899
143,0-5,0.756835
143,6-11,0.807278
143,12-17,0.936317
143,18-44,0.672250
143,45-64,0.704430
143,65+,0.659815
144,0-5,0.752171
144,6-11,0.802781
144,12-17,0.930902
144,18-44,0.669076
144,45-64,0.701551
144,65+,0.657654
145,0-5,0.747461
145,6-11,0.798236
145,12-17,0.925421
145,18-44,0.665837
145,45-64,0.698596
145,65+,0.655417
146,0-5,0.742708
146,6-11,0.793643
146,12-17,0.919875
146,18-44,0.662533
146,45-64,0.695566
146,65+,0.653105
147,0-5,0.737913
147,6-11,0.789006
147,12-17,0.914269
147,18-44,0.659167
147,45-64,0.692463
147,65+,0.650718
148,0-5,0.733079
148,6-11,0.784327
148,12-17,0.908603
148,18-44,0.655740
148,45-64,0.689288
148,65+,0.648259
149,0-5,0.728208
149,6-11,0.779606
149,12-17,0.902880
149,18-44,0.652252
149,45-64,0.686043
149,65+,0.645728
