day,age_group,incidence
1,0-5,293
1,6-11,337
1,12-17,97
1,18-44,443
1,45-64,183
1,65+,156
2,0-5,377
2,6-11,209
2,12-17,85
2,18-44,348
2,45-64,173
2,65+,104
3,0-5,265
3,6-11,402
3,12-17,127
3,18-44,282
3,45-64,177
3,65+,57
4,0-5,233
4,6-11,411
4,12-17,177
4,18-44,395
4,45-64,141
4,65+,52
5,0-5,381
5,6-11,622
5,12-17,174
5,18-44,625
5,45-64,194
5,65+,63
6,0-5,268
6,6-11,836
6,12-17,148
6,18-44,331
6,45-64,136
6,65+,38
7,0-5,357
7,6-11,748
7,12-17,276
7,18-44,529
7,45-64,141
7,65+,47
8,0-5,316
8,6-11,1246
8,12-17,218
8,18-44,503
8,45-64,216
8,65+,43
9,0-5,434
9,6-11,1282
9,12-17,308
9,18-44,772
9,45-64,215
9,65+,70
10,0-5,371
10,6-11,1728
10,12-17,448
10,18-44,770
10,45-64,191
10,65+,44
11,0-5,492
11,6-11,2077
11,12-17,321
11,18-44,1094
11,45-64,192
11,65+,38
12,0-5,568
12,6-11,3334
12,12-17,294
12,18-44,1072
12,45-64,206
12,65+,33
13,0-5,782
13,6-11,2093
13,12-17,371
13,18-44,1526
13,45-64,329
13,65+,76
14,0-5,756
14,6-11,4126
14,12-17,595
14,18-44,1661
14,45-64,384
14,65+,87
15,0-5,738
15,6-11,3959
15,12-17,946
15,18-44,1916
15,45-64,539
15,65+,74
16,0-5,1098
16,6-11,8139
16,12-17,702
16,18-44,2519
16,45-64,586
16,65+,115
17,0-5,1187
17,6-11,8099
17,12-17,691
17,18-44,3231
17,45-64,478
17,65+,130
18,0-5,1355
18,6-11,8351
18,12-17,1324
18,18-44,4905
18,45-64,904
18,65+,179
19,0-5,1592
19,6-11,8729
19,12-17,1548
19,18-44,3727
19,45-64,1340
19,65+,197
20,0-5,2454
20,6-11,12157
20,12-17,1922
20,18-44,6161
20,45-64,2036
20,65+,292
21,0-5,2376
21,6-11,23094
21,12-17,2226
21,18-44,6826
21,45-64,1547
21,65+,359
22,0-5,3131
22,6-11,14422
22,12-17,3574
22,18-44,12833
22,45-64,2667
22,65+,538
23,0-5,3098
23,6-11,25236
23,12-17,2781
23,18-44,8931
23,45-64,3062
23,65+,619
24,0-5,3543
24,6-11,13809
24,12-17,4307
24,18-44,12801
24,45-64,2700
24,65+,947
25,0-5,5304
25,6-11,35576
25,12-17,4316
25,18-44,16260
25,45-64,2976
25,65+,743
26,0-5,3544
26,6-11,33684
26,12-17,5430
26,18-44,14952
26,45-64,4916
26,65+,647
27,0-5,10657
27,6-11,39564
27,12-17,12569
27,18-44,24376
27,45-64,7348
27,65+,750
28,0-5,5319
28,6-11,56235
28,12-17,12221
28,18-44,26380
28,45-64,8191
28,65+,1495
29,0-5,9629
29,6-11,51545
29,12-17,13944
29,18-44,27441
29,45-64,9583
29,65+,1602
30,0-5,11501
30,6-11,65627
30,12-17,14680
30,18-44,31595
30,45-64,9280
30,65+,2261
31,0-5,14989
31,6-11,80701
31,12-17,12821
31,18-44,46627
31,45-64,10032
31,65+,2465
32,0-5,15680
32,6-11,131372
32,12-17,20628
32,18-44,46571
32,45-64,16021
32,65+,2602
33,0-5,29296
33,6-11,100057
33,12-17,25806
33,18-44,50397
33,45-64,22007
33,65+,2976
34,0-5,15443
34,6-11,129985
34,12-17,29430
34,18-44,74041
34,45-64,18417
34,65+,4940
35,0-5,19143
35,6-11,93082
35,12-17,29344
35,18-44,64025
35,45-64,30508
35,65+,3491
36,0-5,31556
36,6-11,109180
36,12-17,37943
36,18-44,124313
36,45-64,29415
36,65+,4597
37,0-5,38394
37,6-11,104277
37,12-17,49845
37,18-44,91754
37,45-64,25060
37,65+,6017
38,0-5,39100
38,6-11,101796
38,12-17,42868
38,18-44,115827
38,45-64,38618
38,65+,8223
39,0-5,39572
39,6-11,116798
39,12-17,57501
39,18-44,166931
39,45-64,43212
39,65+,6166
40,0-5,35840
40,6-11,86860
40,12-17,51591
40,18-44,138680
40,45-64,33242
40,65+,6866
41,0-5,48429
41,6-11,101720
41,12-17,59085
41,18-44,121993
41,45-64,50772
41,65+,7169
42,0-5,37168
42,6-11,93472
42,12-17,75890
42,18-44,122750
42,45-64,68036
42,65+,7379
43,0-5,50466
43,6-11,53716
43,12-17,101619
43,18-44,153151
43,45-64,38807
43,65+,9668
44,0-5,43903
44,6-11,83466
44,12-17,59721
44,18-44,134297
44,45-64,59601
44,65+,6911
45,0-5,36343
45,6-11,62409
45,12-17,64275
45,18-44,134348
45,45-64,65110
45,65+,9829
46,0-5,44149
46,6-11,49494
46,12-17,70843
46,18-44,186494
46,45-64,79369
46,65+,9588
47,0-5,47306
47,6-11,46228
47,12-17,66488
47,18-44,155255
47,45-64,58069
47,65+,10997
48,0-5,36567
48,6-11,47603
48,12-17,65313
48,18-44,118495
48,45-64,47581
48,65+,14143
49,0-5,34040
49,6-11,37208
49,12-17,52017
49,18-44,128363
49,45-64,72874
49,65+,8554
50,0-5,21371
50,6-11,23486
50,12-17,63853
50,18-44,167199
50,45-64,43147
50,65+,10531
51,0-5,34670
51,6-11,32337
51,12-17,37436
51,18-44,162397
51,45-64,55482
51,65+,12555
52,0-5,28394
52,6-11,30471
52,12-17,45927
52,18-44,129439
52,45-64,48379
52,65+,15703
53,0-5,25849
53,6-11,20243
53,12-17,55971
53,18-44,144011
53,45-64,64012
53,65+,9376
54,0-5,23820
54,6-11,16298
54,12-17,71283
54,18-44,109045
54,45-64,46463
54,65+,10536
55,0-5,22965
55,6-11,15084
55,12-17,49866
55,18-44,152488
55,45-64,72841
55,65+,12742
56,0-5,26420
56,6-11,19120
56,12-17,35991
56,18-44,97894
56,45-64,63727
56,65+,9952
57,0-5,19140
57,6-11,10041
57,12-17,50091
57,18-44,113325
57,45-64,52346
57,65+,10330
58,0-5,20013
58,6-11,11246
58,12-17,35995
58,18-44,143886
58,45-64,58356
58,65+,8251
59,0-5,12079
59,6-11,13750
59,12-17,36304
59,18-44,111921
59,45-64,62513
59,65+,7609
60,0-5,27158
60,6-11,7205
60,12-17,36361
60,18-44,77317
60,45-64,61382
60,65+,10536
61,0-5,13428
61,6-11,9440
61,12-17,23159
61,18-44,97643
61,45-64,47999
61,65+,7014
62,0-5,12124
62,6-11,8122
62,12-17,21070
62,18-44,66314
62,45-64,39116
62,65+,6535
63,0-5,16220
63,6-11,5187
63,12-17,27894
63,18-44,83645
63,45-64,46636
63,65+,9861
64,0-5,13571
64,6-11,6625
64,12-17,19562
64,18-44,63106
64,45-64,39278
64,65+,7830
65,0-5,12086
65,6-11,6546
65,12-17,18246
65,18-44,57212
65,45-64,39763
65,65+,11783
66,0-5,9256
66,6-11,6020
66,12-17,16136
66,18-44,67106
66,45-64,40979
66,65+,6930
67,0-5,6600
67,6-11,4196
67,12-17,14174
67,18-44,52256
67,45-64,40767
67,65+,7916
68,0-5,7216
68,6-11,3427
68,12-17,18688
68,18-44,97240
68,45-64,26908
68,65+,5849
69,0-5,12837
69,6-11,3459
69,12-17,13443
69,18-44,60660
69,45-64,34857
69,65+,8540
70,0-5,6353
70,6-11,4476
70,12-17,13721
70,18-44,73494
70,45-64,41547
70,65+,6480
71,0-5,9413
71,6-11,2526
71,12-17,12720
71,18-44,44066
71,45-64,27841
71,65+,5810
72,0-5,5705
72,6-11,2710
72,12-17,12213
72,18-44,56092
72,45-64,31039
72,65+,5268
73,0-5,4366
73,6-11,3576
73,12-17,8892
73,18-44,47881
73,45-64,20248
73,65+,6070
74,0-5,3974
74,6-11,2668
74,12-17,5805
74,18-44,40858
74,45-64,31428
74,65+,4443
75,0-5,3389
75,6-11,2685
75,12-17,8049
75,18-44,27566
75,45-64,22851
75,65+,6677
76,0-5,3544
76,6-11,1780
76,12-17,10109
76,18-44,28510
76,45-64,14916
76,65+,3799
77,0-5,3305
77,6-11,1760
77,12-17,4987
77,18-44,37101
77,45-64,18640
77,65+,5933
78,0-5,2739
78,6-11,2168
78,12-17,5190
78,18-44,42273
78,45-64,18001
78,65+,3620
79,0-5,2995
79,6-11,1943
79,12-17,3961
79,18-44,26373
79,45-64,21133
79,65+,3671
80,0-5,2259
80,6-11,1296
80,12-17,6465
80,18-44,28095
80,45-64,15546
80,65+,3492
81,0-5,2620
81,6-11,1637
81,12-17,4541
81,18-44,22445
81,45-64,12107
81,65+,2824
82,0-5,2241
82,6-11,1250
82,12-17,2801
82,18-44,22433
82,45-64,10594
82,65+,1755
83,0-5,1839
83,6-11,1402
83,12-17,3437
83,18-44,27224
83,45-64,9484
83,65+,3082
84,0-5,2054
84,6-11,981
84,12-17,3505
84,18-44,25455
84,45-64,17765
84,65+,1909
85,0-5,2167
85,6-11,748
85,12-17,2688
85,18-44,12733
85,45-64,10884
85,65+,2035
86,0-5,1854
86,6-11,848
86,12-17,3038
86,18-44,24683
86,45-64,9819
86,65+,1993
87,0-5,1500
87,6-11,783
87,12-17,3235
87,18-44,20106
87,45-64,8802
87,65+,3120
88,0-5,1133
88,6-11,889
88,12-17,1884
88,18-44,15598
88,45-64,10230
88,65+,1677
89,0-5,1119
89,6-11,860
89,12-17,1305
89,18-44,14166
89,45-64,11253
89,65+,2336
90,0-5,1106
90,6-11,531
90,12-17,1745
90,18-44,12947
90,45-64,7899
90,65+,1524
91,0-5,1179
91,6-11,584
91,12-17,2159
91,18-44,17034
91,45-64,7044
91,65+,1316
92,0-5,813
92,6-11,619
92,12-17,1300
92,18-44,13048
92,45-64,5773
92,65+,1180
93,0-5,936
93,6-11,476
93,12-17,1363
93,18-44,10113
93,45-64,4638
93,65+,1265
94,0-5,951
94,6-11,476
94,12-17,1644
94,18-44,9150
94,45-64,6554
94,65+,1670
95,0-5,839
95,6-11,338
95,12-17,1443
95,18-44,10122
95,45-64,4672
95,65+,1236
96,0-5,833
96,6-11,528
96,12-17,1048
96,18-44,9423
96,45-64,7081
96,65+,1068
97,0-5,1010
97,6-11,319
97,12-17,1463
97,18-44,8673
97,45-64,5615
97,65+,949
98,0-5,497
98,6-11,371
98,12-17,1543
98,18-44,7351
98,45-64,4586
98,65+,1489
99,0-5,479
99,6-11,233
99,12-17,688
99,18-44,8198
99,45-64,4028
99,65+,1122
100,0-5,461
100,6-11,281
100,12-17,1068
100,18-44,8412
100,45-64,3869
100,65+,716
101,0-5,761
101,6-11,276
101,12-17,1606
101,18-44,6149
101,45-64,3791
101,65+,1129
102,0-5,434
102,6-11,172
102,12-17,620
102,18-44,6624
102,45-64,5543
102,65+,803
103,0-5,476
103,6-11,208
103,12-17,745
103,18-44,6388
103,45-64,3761
103,65+,828
104,0-5,390
104,6-11,141
104,12-17,586
104,18-44,5054
104,45-64,3528
104,65+,617
105,0-5,433
105,6-11,216
105,12-17,612
105,18-44,4637
105,45-64,2170
105,65+,577
106,0-5,254
106,6-11,147
106,12-17,513
106,18-44,4011
106,45-64,2961
106,65+,717
107,0-5,270
107,6-11,182
107,12-17,552
107,18-44,3927
107,45-64,3611
107,65+,399
108,0-5,251
108,6-11,158
108,12-17,428
108,18-44,4478
108,45-64,2948
108,65+,753
109,0-5,236
109,6-11,113
109,12-17,472
109,18-44,2842
109,45-64,2245
109,65+,333
110,0-5,272
110,6-11,86
110,12-17,454
110,18-44,3213
110,45-64,2482
110,65+,454
111,0-5,248
111,6-11,106
111,12-17,593
111,18-44,3402
111,45-64,1434
111,65+,645
112,0-5,255
112,6-11,115
112,12-17,292
112,18-44,2661
112,45-64,1927
112,65+,553
113,0-5,222
113,6-11,121
113,12-17,287
113,18-44,3337
113,45-64,1538
113,65+,522
114,0-5,175
114,6-11,162
114,12-17,252
114,18-44,2942
114,45-64,2245
114,65+,420
115,0-5,175
115,6-11,67
115,12-17,222
115,18-44,2187
115,45-64,2289
115,65+,395
116,0-5,140
116,6-11,89
116,12-17,332
116,18-44,2273
116,45-64,1192
116,65+,321
117,0-5,180
117,6-11,75
117,12-17,200
117,18-44,2448
117,45-64,1659
117,65+,282
118,0-5,98
118,6-11,61
118,12-17,237
118,18-44,1524
118,45-64,1556
118,65+,331
119,0-5,105
119,6-11,38
119,12-17,298
119,18-44,1896
119,45-64,1318
119,65+,289
120,0-5,130
120,6-11,32
120,12-17,228
120,18-44,1695
120,45-64,829
120,65+,275
121,0-5,68
121,6-11,42
121,12-17,126
121,18-44,1665
121,45-64,1234
121,65+,368
122,0-5,73
122,6-11,26
122,12-17,223
122,18-44,1222
122,45-64,982
122,65+,352
123,0-5,57
123,6-11,42
123,12-17,161
123,18-44,1251
123,45-64,1178
123,65+,252
124,0-5,92
124,6-11,25
124,12-17,175
124,18-44,1084
124,45-64,794
124,65+,197
125,0-5,51
125,6-11,24
125,12-17,125
125,18-44,1150
125,45-64,1037
125,65+,220
126,0-5,61
126,6-11,25
126,12-17,106
126,18-44,1169
126,45-64,581
126,65+,151
127,0-5,39
127,6-11,36
127,12-17,93
127,18-44,873
127,45-64,659
127,65+,146
128,0-5,30
128,6-11,14
128,12-17,123
128,18-44,702
128,45-64,675
128,65+,117
129,0-5,42
129,6-11,19
129,12-17,82
129,18-44,1025
129,45-64,796
129,65+,215
130,0-5,39
130,6-11,24
130,12-17,74
130,18-44,574
130,45-64,507
130,65+,112
131,0-5,43
131,6-11,12
131,12-17,86
131,18-44,735
131,45-64,485
131,65+,138
132,0-5,52
132,6-11,13
132,12-17,84
132,18-44,527
132,45-64,330
132,65+,105
133,0-5,28
133,6-11,15
133,12-17,44
133,18-44,764
133,45-64,703
133,65+,84
134,0-5,26
134,6-11,17
134,12-17,34
134,18-44,557
134,45-64,552
134,65+,62
135,0-5,29
135,6-11,15
135,12-17,37
135,18-44,434
135,45-64,403
135,65+,119
136,0-5,34
136,6-11,6
136,12-17,38
136,18-44,413
136,45-64,264
136,65+,107
137,0-5,24
137,6-11,9
137,12-17,35
137,18-44,461
137,45-64,249
137,65+,74
138,0-5,26
138,6-11,10
138,12-17,28
138,18-44,424
138,45-64,288
138,65+,63
139,0-5,15
139,6-11,7
139,12-17,27
139,18-44,483
139,45-64,251
139,65+,62
140,0-5,20
140,6-11,9
140,12-17,33
140,18-44,287
140,45-64,166
140,65+,82
141,0-5,15
141,6-11,6
141,12-17,39
141,18-44,285
141,45-64,182
141,65+,56
142,0-5,23
142,6-11,8
142,12-17,21
142,18-44,320
142,45-64,198
142,65+,38
143,0-5,14
143,6-11,4
143,12-17,36
143,18-44,271
143,45-64,165
143,65+,35
144,0-5,11
144,6-11,4
144,12-17,31
144,18-44,253
144,45-64,168
144,65+,53
145,0-5,8
145,6-11,3
145,12-17,23
145,18-44,181
145,45-64,166
145,65+,21
146,0-5,13
146,6-11,4
146,12-17,20
146,18-44,113
146,45-64,138
146,65+,45
147,0-5,15
147,6-11,5
147,12-17,9
147,18-44,238
147,45-64,95
147,65+,38
148,0-5,4
148,6-11,0
148,12-17,12
148,18-44,211
148,45-64,86
148,65+,40
149,0-5,11
149,6-11,9
149,12-17,12
149,18-44,93
149,45-64,108
149,65+,35
