Np,day,age_group,ess,resampled
100000,1,0-5,99874.73114856544,false
100000,1,6-11,99149.32858506749,false
100000,1,12-17,99215.13712566836,false
100000,1,18-44,99795.5580061405,false
100000,1,45-64,98806.4031777959,false
100000,1,65+,99485.16389009697,false
100000,2,0-5,92712.93147709445,false
100000,2,6-11,43454.14202616863,true
100000,2,12-17,78516.74725944262,false
100000,2,18-44,85697.71179044961,false
100000,2,45-64,63175.18139243998,false
100000,2,65+,81378.61578276101,false
100000,3,0-5,41549.140253275546,true
100000,3,6-11,2690.9863459730886,true
100000,3,12-17,9752.691729595099,true
100000,3,18-44,51403.25796824415,false
100000,3,45-64,28185.673084475184,true
100000,3,65+,41468.26865191036,true
100000,4,0-5,63235.999843417485,false
100000,4,6-11,21649.671136442266,true
100000,4,12-17,39670.40865394594,true
100000,4,18-44,32587.732245146122,true
100000,4,45-64,73499.27065713299,false
100000,4,65+,69017.66136846312,false
100000,5,0-5,39644.93403987031,true
100000,5,6-11,64929.13049853455,false
100000,5,12-17,67737.76064821355,false
100000,5,18-44,86444.00325151175,false
100000,5,45-64,51764.4858619213,false
100000,5,65+,40878.717231036746,true
100000,6,0-5,84725.38328062571,false
100000,6,6-11,41330.2112311986,true
100000,6,12-17,46109.6705242321,true
100000,6,18-44,68989.38228960297,false
100000,6,45-64,39352.9420994758,true
100000,6,65+,83106.23569641725,false
100000,7,0-5,66181.70051419437,false
100000,7,6-11,84256.18718391216,false
100000,7,12-17,87014.5814942966,false
100000,7,18-44,54914.4916403796,false
100000,7,45-64,90297.43389404741,false
100000,7,65+,65410.61367294037,false
100000,8,0-5,51924.38380119599,false
100000,8,6-11,63941.48114640544,false
100000,8,12-17,69492.34074562267,false
100000,8,18-44,44019.7199057959,true
100000,8,45-64,75291.26246253496,false
100000,8,65+,52122.02758689499,false
100000,9,0-5,40837.50807488922,true
100000,9,6-11,47545.561801266864,true
100000,9,12-17,54519.36349638181,false
100000,9,18-44,88781.35085402802,false
100000,9,45-64,61221.748395867005,false
100000,9,65+,42101.18665798679,true
100000,10,0-5,88450.81340994095,false
100000,10,6-11,84898.39207062418,false
100000,10,12-17,42428.42978909598,true
100000,10,18-44,71579.30630038612,false
100000,10,45-64,49374.968371010706,true
100000,10,65+,91260.17492805312,false
100000,11,0-5,70947.17033240251,false
100000,11,6-11,64174.363675578876,false
100000,11,12-17,88232.24685855907,false
100000,11,18-44,57169.16844000793,false
100000,11,45-64,90569.36532735333,false
100000,11,65+,77511.83443392611,false
100000,12,0-5,55638.389032744926,false
100000,12,6-11,47580.901103506556,true
100000,12,12-17,70538.55872083051,false
100000,12,18-44,45523.72075861895,true
100000,12,45-64,75178.09794929257,false
100000,12,65+,64337.31571022927,false
100000,13,0-5,43356.85297206417,true
100000,13,6-11,85010.6445461408,false
100000,13,12-17,54947.433850253794,false
100000,13,18-44,88214.78163426819,false
100000,13,45-64,60331.95396626202,false
100000,13,65+,52512.208048863686,false
100000,14,0-5,88410.88297424628,false
100000,14,6-11,63968.909011112344,false
100000,14,12-17,42845.37236151738,true
100000,14,18-44,71948.45076828529,false
100000,14,45-64,48471.257660341376,true
100000,14,65+,43055.205597826876,true
100000,15,0-5,70491.90294621342,false
100000,15,6-11,47249.73808679525,true
100000,15,12-17,87840.42553832807,false
100000,15,18-44,57210.75211535964,false
100000,15,45-64,89317.70255584647,false
100000,15,65+,90502.8514953081,false
100000,16,0-5,54540.582979093044,false
100000,16,6-11,84933.84124502534,false
100000,16,12-17,69319.69402235423,false
100000,16,18-44,44451.14840080082,true
100000,16,45-64,72598.87914074957,false
100000,16,65+,74502.99585619812,false
100000,17,0-5,42230.30722153518,true
100000,17,6-11,64181.021020810374,false
100000,17,12-17,53564.347221652395,false
100000,17,18-44,88475.9412186275,false
100000,17,45-64,57815.05849749336,false
100000,17,65+,60050.87843183978,false
100000,18,0-5,87556.48593354896,false
100000,18,6-11,47703.27457592019,true
100000,18,12-17,41307.756066540634,true
100000,18,18-44,70942.80535954256,false
100000,18,45-64,45855.472941201384,true
100000,18,65+,48124.926441665375,true
100000,19,0-5,69251.0308129933,false
100000,19,6-11,85366.74456116928,false
100000,19,12-17,87068.53944045238,false
100000,19,18-44,55040.118741759485,false
100000,19,45-64,88275.49772831019,false
100000,19,65+,89093.3528114987,false
100000,20,0-5,54024.17451026017,false
100000,20,6-11,64822.54105881489,false
100000,20,12-17,68808.80243105211,false
100000,20,18-44,43351.83367211744,true
100000,20,45-64,72031.10771094379,false
100000,20,65+,73676.0601495633,false
100000,21,0-5,41995.56960527324,true
100000,21,6-11,48289.83424706289,true
100000,21,12-17,53362.7949784564,false
100000,21,18-44,88263.54627563297,false
100000,21,45-64,57545.46694520338,false
100000,21,65+,59463.47432548953,false
100000,22,0-5,87551.21510137839,false
100000,22,6-11,85492.85394630184,false
100000,22,12-17,41072.42473799043,true
100000,22,18-44,70874.05921450845,false
100000,22,45-64,45503.015891974945,true
100000,22,65+,47253.899952957894,true
100000,23,0-5,69859.48463516963,false
100000,23,6-11,65172.54238150964,false
100000,23,12-17,87653.62670408752,false
100000,23,18-44,56323.37708975625,false
100000,23,45-64,89522.21504468714,false
100000,23,65+,89827.38459262025,false
100000,24,0-5,54641.26899319263,false
100000,24,6-11,48938.258042273235,true
100000,24,12-17,69403.2598990899,false
100000,24,18-44,44401.46898023608,true
100000,24,45-64,73213.12370716533,false
100000,24,65+,73823.55155629576,false
100000,25,0-5,42351.57526338544,true
100000,25,6-11,85913.43245550543,false
100000,25,12-17,53675.526492275036,false
100000,25,18-44,87834.25006734797,false
100000,25,45-64,58017.30730517359,false
100000,25,65+,58821.22088827646,false
100000,26,0-5,88098.84610624016,false
100000,26,6-11,65958.72302976155,false
100000,26,12-17,41573.72262807746,true
100000,26,18-44,71418.46274056952,false
100000,26,45-64,46356.02624902733,true
100000,26,65+,47378.10643687088,true
100000,27,0-5,70248.94684314268,false
100000,27,6-11,49977.892881956155,true
100000,27,12-17,87554.69892714225,false
100000,27,18-44,56890.39927979369,false
100000,27,45-64,89115.01151703147,false
100000,27,65+,89765.79399170732,false
100000,28,0-5,54721.84711031166,false
100000,28,6-11,86868.35569863103,false
100000,28,12-17,69345.87554748636,false
100000,28,18-44,44557.39504341036,true
100000,28,45-64,72773.31220698117,false
100000,28,65+,73747.42899240476,false
100000,29,0-5,42839.11747376012,true
100000,29,6-11,68032.99653584835,false
100000,29,12-17,53880.163029318144,false
100000,29,18-44,89030.3955657355,false
100000,29,45-64,58442.33525750006,false
100000,29,65+,59580.51713943307,false
100000,30,0-5,88609.78390596935,false
100000,30,6-11,52605.06403343837,false
100000,30,12-17,41788.41117812899,true
100000,30,18-44,72166.96573182801,false
100000,30,45-64,46875.62109688376,true
100000,30,65+,48004.792208125284,true
100000,31,0-5,71403.08385979391,false
100000,31,6-11,40925.928723906414,true
100000,31,12-17,87559.02226441081,false
100000,31,18-44,56572.37381773913,false
100000,31,45-64,89195.38941640394,false
100000,31,65+,89401.92232446425,false
100000,32,0-5,56185.83779479768,false
100000,32,6-11,88612.47828252401,false
100000,32,12-17,69491.17328543568,false
100000,32,18-44,44165.697026095564,true
100000,32,45-64,73165.828764433,false
100000,32,65+,73504.41480826754,false
100000,33,0-5,44379.393243724146,true
100000,33,6-11,71519.17322187977,false
100000,33,12-17,54237.278709479986,false
100000,33,18-44,89658.75235460268,false
100000,33,45-64,59057.54767496149,false
100000,33,65+,59674.97994505687,false
100000,34,0-5,89335.54497810073,false
100000,34,6-11,56907.04274032643,false
100000,34,12-17,42283.91047960735,true
100000,34,18-44,73486.9333241438,false
100000,34,45-64,47693.5967991589,true
100000,34,65+,48345.78480725486,true
100000,35,0-5,72851.45938266595,false
100000,35,6-11,45588.89728442147,true
100000,35,12-17,88269.86296727447,false
100000,35,18-44,58548.49777558875,false
100000,35,45-64,89776.86183405423,false
100000,35,65+,89918.41846721587,false
100000,36,0-5,58009.50087059132,false
100000,36,6-11,90829.07214804027,false
100000,36,12-17,70701.7344385178,false
100000,36,18-44,46410.13763188456,true
100000,36,45-64,74133.64350022603,false
100000,36,65+,74423.14818749594,false
100000,37,0-5,46165.52679775864,true
100000,37,6-11,76236.99587304753,false
100000,37,12-17,55855.772247404544,false
100000,37,18-44,90101.51769068484,false
100000,37,45-64,60093.3251903617,false
100000,37,65+,60562.241963360015,false
100000,38,0-5,89979.71777755213,false
100000,38,6-11,63168.058164817034,false
100000,38,12-17,44126.02456571657,true
100000,38,18-44,74513.83745350009,false
100000,38,45-64,48649.79495844071,true
100000,38,65+,49293.68556452974,true
100000,39,0-5,74207.68602048945,false
100000,39,6-11,52499.664750522184,false
100000,39,12-17,89018.39878436505,false
100000,39,18-44,60099.26433278733,false
100000,39,45-64,90451.60985510689,false
100000,39,65+,90690.24544695861,false
100000,40,0-5,60118.53850319261,false
100000,40,6-11,43860.67597848165,true
100000,40,12-17,72092.46341852711,false
100000,40,18-44,48147.30628874301,true
100000,40,45-64,75233.26547321156,false
100000,40,65+,75883.87123510851,false
100000,41,0-5,48629.17190236623,true
100000,41,6-11,92644.36459665227,false
100000,41,12-17,57296.662744844994,false
100000,41,18-44,90127.90866665564,false
100000,41,45-64,61186.30920462159,false
100000,41,65+,62142.132488047675,false
100000,42,0-5,90833.85682989142,false
100000,42,6-11,79925.29516546612,false
100000,42,12-17,45552.94418385724,true
100000,42,18-44,74782.83558230681,false
100000,42,45-64,49689.73771562177,true
100000,42,65+,50815.35368980181,false
100000,43,0-5,75919.92883733253,false
100000,43,6-11,67742.39300164323,false
100000,43,12-17,89748.60855309942,false
100000,43,18-44,60954.421812260814,false
100000,43,45-64,90718.95702638934,false
100000,43,65+,41674.68953871231,true
100000,44,0-5,62282.66112838096,false
100000,44,6-11,57330.55470827345,false
100000,44,12-17,73613.6320787466,false
100000,44,18-44,49468.21908830221,true
100000,44,45-64,75880.30438734319,false
100000,44,65+,91351.03639746655,false
100000,45,0-5,50978.75418936835,false
100000,45,6-11,48562.6002144242,true
100000,45,12-17,59092.91012640622,false
100000,45,18-44,90755.72691884838,false
100000,45,45-64,62111.54009909836,false
100000,45,65+,77005.41003814005,false
100000,46,0-5,41819.529539729505,true
100000,46,6-11,93184.61478658125,false
100000,46,12-17,47305.659264747206,true
100000,46,18-44,75623.35594027572,false
100000,46,45-64,50646.48616424772,false
100000,46,65+,63517.321551860296,false
100000,47,0-5,91614.29014275013,false
100000,47,6-11,80913.94460756175,false
100000,47,12-17,90390.9867105884,false
100000,47,18-44,61658.79894236267,false
100000,47,45-64,41344.37955587155,true
100000,47,65+,52129.74759339899,false
100000,48,0-5,77360.172657121,false
100000,48,6-11,68729.14709365385,false
100000,48,12-17,74995.46700058234,false
100000,48,18-44,50152.83035499173,false
100000,48,45-64,90946.22071737393,false
100000,48,65+,42756.45513247075,true
100000,49,0-5,63727.07279990974,false
100000,49,6-11,57959.94063396858,false
100000,49,12-17,60946.531825163765,false
100000,49,18-44,40842.059415606214,true
100000,49,45-64,76211.54414215888,false
100000,49,65+,91503.13484252452,false
100000,50,0-5,52259.91131890514,false
100000,50,6-11,48778.84721897123,true
100000,50,12-17,49393.31222277201,true
100000,50,18-44,90905.85316914668,false
100000,50,45-64,62429.426692536865,false
100000,50,65+,77412.03457031418,false
100000,51,0-5,43006.89093643122,true
100000,51,6-11,92905.33155078413,false
100000,51,12-17,90873.21093743488,false
100000,51,18-44,75851.10171285717,false
100000,51,45-64,50895.43258313601,false
100000,51,65+,64122.51046938845,false
100000,52,0-5,91788.10271720828,false
100000,52,6-11,80367.34205217569,false
100000,52,12-17,75690.08353281074,false
100000,52,18-44,61860.227453208885,false
100000,52,45-64,41589.668819570106,true
100000,52,65+,52813.46862448262,false
100000,53,0-5,77800.30069425292,false
100000,53,6-11,67974.15762858365,false
100000,53,12-17,61697.741816434136,false
100000,53,18-44,50226.74890370721,false
100000,53,45-64,91190.65589183487,false
100000,53,65+,43275.554150571086,true
100000,54,0-5,64352.27808440362,false
100000,54,6-11,56992.152894302366,false
100000,54,12-17,50046.16638105923,false
100000,54,18-44,40797.32855067992,true
100000,54,45-64,76655.21044047597,false
100000,54,65+,91410.18587153434,false
100000,55,0-5,52781.29751068539,false
100000,55,6-11,47566.63447870217,true
100000,55,12-17,40599.2000122162,true
100000,55,18-44,91077.75409554598,false
100000,55,45-64,62912.549057936325,false
100000,55,65+,77363.15202771516,false
100000,56,0-5,43351.031709601455,true
100000,56,6-11,92468.63405964164,false
100000,56,12-17,91057.87041034609,false
100000,56,18-44,76326.44213619061,false
100000,56,45-64,51401.888544349815,false
100000,56,65+,64078.974949265896,false
100000,57,0-5,91818.22078935185,false
100000,57,6-11,79308.86899117111,false
100000,57,12-17,76145.157469501,false
100000,57,18-44,62500.747649060846,false
100000,57,45-64,42007.2862720995,true
100000,57,65+,52616.93775581726,false
100000,58,0-5,77744.48590969332,false
100000,58,6-11,66486.80324168249,false
100000,58,12-17,62139.10737498228,false
100000,58,18-44,50825.90160641591,false
100000,58,45-64,91245.16295994876,false
100000,58,65+,43078.72246367639,true
100000,59,0-5,64155.18528800102,false
100000,59,6-11,55326.655213329504,false
100000,59,12-17,50446.79662928765,false
100000,59,18-44,41283.57688614693,true
100000,59,45-64,76596.21393120308,false
100000,59,65+,91456.03199220219,false
100000,60,0-5,52517.75635267103,false
100000,60,6-11,45828.255634836016,true
100000,60,12-17,40949.38649681706,true
100000,60,18-44,91018.94836801992,false
100000,60,45-64,62693.53834861161,false
100000,60,65+,77286.6766022039,false
100000,61,0-5,43012.27273746619,true
100000,61,6-11,92195.863356934,false
100000,61,12-17,91054.28530881261,false
100000,61,18-44,76111.62921731653,false
100000,61,45-64,51121.178117888645,false
100000,61,65+,63933.00030642263,false
100000,62,0-5,91615.25163385566,false
100000,62,6-11,78759.39025429577,false
100000,62,12-17,76087.0343560449,false
100000,62,18-44,62131.77270246192,false
100000,62,45-64,41802.67928617455,true
100000,62,65+,52486.813180301346,false
100000,63,0-5,77318.42855330413,false
100000,63,6-11,65814.34511002117,false
100000,63,12-17,62019.25254264187,false
100000,63,18-44,50353.518212539406,false
100000,63,45-64,91309.46534583361,false
100000,63,65+,42999.798535927635,true
100000,64,0-5,63593.94597261025,false
100000,64,6-11,54497.52419014158,false
100000,64,12-17,50219.467369919774,false
100000,64,18-44,40786.91534616953,true
100000,64,45-64,76703.50068878038,false
100000,64,65+,91483.21056064342,false
100000,65,0-5,51928.689025433385,false
100000,65,6-11,44900.22654189301,true
100000,65,12-17,40707.11088752257,true
100000,65,18-44,90973.9857583279,false
100000,65,45-64,62761.30161463392,false
100000,65,65+,77344.78443336129,false
100000,66,0-5,42521.33329359494,true
100000,66,6-11,92034.65187156083,false
100000,66,12-17,91247.35177575701,false
100000,66,18-44,75947.21241274681,false
100000,66,45-64,51191.214974591385,false
100000,66,65+,63981.59473875129,false
100000,67,0-5,91588.05298647928,false
100000,67,6-11,78464.27519909987,false
100000,67,12-17,76314.59156895427,false
100000,67,18-44,61937.667825213015,false
100000,67,45-64,41858.172974065536,true
100000,67,65+,52528.22374779104,false
100000,68,0-5,77343.0330992399,false
100000,68,6-11,65291.999398354994,false
100000,68,12-17,62260.87720049417,false
100000,68,18-44,50224.71748357496,false
100000,68,45-64,91157.38633279315,false
100000,68,65+,42915.627384009604,true
100000,69,0-5,63570.07980110158,false
100000,69,6-11,53773.92442105145,false
100000,69,12-17,50508.93168811982,false
100000,69,18-44,40708.87453527504,true
100000,69,45-64,76303.18829907657,false
100000,69,65+,91488.05913651659,false
100000,70,0-5,51739.06683098224,false
100000,70,6-11,44169.67290440957,true
100000,70,12-17,40885.52337669566,true
100000,70,18-44,90980.96242314884,false
100000,70,45-64,62271.59968587207,false
100000,70,65+,77564.25289790616,false
100000,71,0-5,42168.20151823146,true
100000,71,6-11,92000.42052573705,false
100000,71,12-17,91018.51712721655,false
100000,71,18-44,75827.6264005293,false
100000,71,45-64,50659.0618062774,false
100000,71,65+,64364.57936531263,false
100000,72,0-5,91417.99876491143,false
100000,72,6-11,78615.1067391718,false
100000,72,12-17,76043.88681676406,false
100000,72,18-44,61579.97697129934,false
100000,72,45-64,41284.20954381203,true
100000,72,65+,52938.47344718807,false
100000,73,0-5,76903.06837266615,false
100000,73,6-11,65641.386946251,false
100000,73,12-17,62024.943417089,false
100000,73,18-44,49735.15516215665,true
100000,73,45-64,91116.46530289088,false
100000,73,65+,43352.43649958221,true
100000,74,0-5,63135.295510550925,false
100000,74,6-11,54230.25757099887,false
100000,74,12-17,50324.02548987464,false
100000,74,18-44,90830.21550584087,false
100000,74,45-64,76255.27098921705,false
100000,74,65+,91418.51809274705,false
100000,75,0-5,51625.20685022179,false
100000,75,6-11,44715.695432780034,true
100000,75,12-17,40832.5847927351,true
100000,75,18-44,75638.30978881066,false
100000,75,45-64,62478.5881741935,false
100000,75,65+,77338.03170598717,false
100000,76,0-5,42262.023042681554,true
100000,76,6-11,92074.30161460607,false
100000,76,12-17,90926.6221496776,false
100000,76,18-44,61441.05695213183,false
100000,76,45-64,51002.050335369015,false
100000,76,65+,64051.11456767111,false
100000,77,0-5,91384.495314104,false
100000,77,6-11,78444.18661391524,false
100000,77,12-17,75873.43777115084,false
100000,77,18-44,49569.7155555958,true
100000,77,45-64,41517.75536964692,true
100000,77,65+,52494.73873786584,false
100000,78,0-5,76841.14537913694,false
100000,78,6-11,65137.861180298365,false
100000,78,12-17,61797.48640686212,false
100000,78,18-44,90637.44137844058,false
100000,78,45-64,90968.71846207457,false
100000,78,65+,42860.56853903166,true
100000,79,0-5,63311.896519073096,false
100000,79,6-11,53814.45501161876,false
100000,79,12-17,50133.70966588602,false
100000,79,18-44,75319.54349317693,false
100000,79,45-64,76238.56163584496,false
100000,79,65+,91695.22441589943,false
100000,80,0-5,52075.622772229035,false
100000,80,6-11,44488.528628600536,true
100000,80,12-17,40710.154052661615,true
100000,80,18-44,61275.56009811351,false
100000,80,45-64,62519.41003475762,false
100000,80,65+,77924.47199583321,false
100000,81,0-5,42711.301505584604,true
100000,81,6-11,91885.47218570682,false
100000,81,12-17,90845.12093928788,false
100000,81,18-44,49580.789991944446,true
100000,81,45-64,50959.22448353379,false
100000,81,65+,64649.47521589055,false
100000,82,0-5,91224.39268077415,false
100000,82,6-11,78118.11276558561,false
100000,82,12-17,75677.1167329536,false
100000,82,18-44,90666.12066320196,false
100000,82,45-64,41413.821045696815,true
100000,82,65+,52874.58675285396,false
100000,83,0-5,76833.36487314524,false
100000,83,6-11,65032.534041035105,false
100000,83,12-17,61694.14140856018,false
100000,83,18-44,75329.60749613089,false
100000,83,45-64,91200.10063953132,false
100000,83,65+,43104.484685218784,true
100000,84,0-5,63486.51971572958,false
100000,84,6-11,53919.797618358105,false
100000,84,12-17,50049.50334587832,false
100000,84,18-44,61235.415343113935,false
100000,84,45-64,76613.59692215887,false
100000,84,65+,91686.21603534321,false
100000,85,0-5,52035.91282613786,false
100000,85,6-11,44588.70472751326,true
100000,85,12-17,40575.64185720776,true
100000,85,18-44,49544.41370866044,true
100000,85,45-64,62838.477796171384,false
100000,85,65+,77651.54107535623,false
100000,86,0-5,42371.01967885409,true
100000,86,6-11,91675.85341296594,false
100000,86,12-17,90925.32749531388,false
100000,86,18-44,90636.60198426167,false
100000,86,45-64,51103.83706570956,false
100000,86,65+,64121.00515560608,false
100000,87,0-5,91383.9476985238,false
100000,87,6-11,77853.09382016167,false
100000,87,12-17,75848.79310083382,false
100000,87,18-44,75252.12847315136,false
100000,87,45-64,41600.358473514214,true
100000,87,65+,52576.403191456935,false
100000,88,0-5,77110.33418733593,false
100000,88,6-11,64882.11561409641,false
100000,88,12-17,61737.71367660774,false
100000,88,18-44,61036.779394619676,false
100000,88,45-64,91321.97120710534,false
100000,88,65+,43107.055864630114,true
100000,89,0-5,63464.86186983341,false
100000,89,6-11,53727.99732255696,false
100000,89,12-17,50053.269792323226,false
100000,89,18-44,49324.16967249508,true
100000,89,45-64,76600.91899568816,false
100000,89,65+,91652.77345295262,false
100000,90,0-5,51693.78662924305,false
100000,90,6-11,44310.53918704474,true
100000,90,12-17,40524.44617529434,true
100000,90,18-44,90791.77330572432,false
100000,90,45-64,62743.42041764991,false
100000,90,65+,77665.70545956124,false
100000,91,0-5,42135.89934920365,true
100000,91,6-11,91994.8036648317,false
100000,91,12-17,90919.80468073284,false
100000,91,18-44,75466.2038367104,false
100000,91,45-64,51200.36885238274,false
100000,91,65+,64292.10838940157,false
100000,92,0-5,91415.19348648997,false
100000,92,6-11,78390.17121906928,false
100000,92,12-17,76016.40977609043,false
100000,92,18-44,61187.342656469664,false
100000,92,45-64,41784.97488094523,true
100000,92,65+,52749.62870956515,false
100000,93,0-5,76931.40627163133,false
100000,93,6-11,65202.67183819146,false
100000,93,12-17,62157.43045056202,false
100000,93,18-44,49278.3746905618,true
100000,93,45-64,91083.86074984244,false
100000,93,65+,43100.49268876621,true
100000,94,0-5,63204.52210821198,false
100000,94,6-11,53817.63682871711,false
100000,94,12-17,50549.52736126369,false
100000,94,18-44,90732.74346723023,false
100000,94,45-64,76463.7379586431,false
100000,94,65+,91536.42449717826,false
100000,95,0-5,51851.56364380378,false
100000,95,6-11,44519.28641577904,true
100000,95,12-17,41084.24581350255,true
100000,95,18-44,75480.5463948294,false
100000,95,45-64,62797.29495188587,false
100000,95,65+,77621.66520692974,false
100000,96,0-5,42638.92956462275,true
100000,96,6-11,92203.06086245453,false
100000,96,12-17,91200.90115326854,false
100000,96,18-44,61402.418341593446,false
100000,96,45-64,51274.72070005479,false
100000,96,65+,64424.904314418585,false
100000,97,0-5,91459.10192123502,false
100000,97,6-11,78843.67027225062,false
100000,97,12-17,76244.64689444205,false
100000,97,18-44,49619.411246182586,true
100000,97,45-64,41690.15399293061,true
100000,97,65+,52966.96036191627,false
100000,98,0-5,77056.4017872897,false
100000,98,6-11,65689.66005160325,false
100000,98,12-17,62152.96142370329,false
100000,98,18-44,90655.70187701422,false
100000,98,45-64,90784.98521217518,false
100000,98,65+,43268.10018668709,true
100000,99,0-5,63636.75377848926,false
100000,99,6-11,54520.030821066706,false
100000,99,12-17,50474.98253424639,false
100000,99,18-44,75422.19196970268,false
100000,99,45-64,75988.76612133547,false
100000,99,65+,91716.12458986537,false
100000,100,0-5,52364.804428056595,false
100000,100,6-11,45349.57572794523,true
100000,100,12-17,41097.773510185194,true
100000,100,18-44,61252.9397584408,false
100000,100,45-64,62387.583032395436,false
100000,100,65+,77954.2566440928,false
100000,101,0-5,42969.71966624446,true
100000,101,6-11,92222.62129392376,false
100000,101,12-17,91088.40968063725,false
100000,101,18-44,49364.558126225515,true
100000,101,45-64,50801.543533004835,false
100000,101,65+,64562.04670950389,false
100000,102,0-5,91301.25285127183,false
100000,102,6-11,78875.03275294197,false
100000,102,12-17,76104.05030856161,false
100000,102,18-44,90505.31220013909,false
100000,102,45-64,41156.15549879012,true
100000,102,65+,52712.06271990542,false
100000,103,0-5,77085.18752111397,false
100000,103,6-11,66196.37420054403,false
100000,103,12-17,62163.76931594185,false
100000,103,18-44,75044.85854205914,false
100000,103,45-64,91151.63625176527,false
100000,103,65+,42944.60352191715,true
100000,104,0-5,63790.613055133595,false
100000,104,6-11,55369.095557556815,false
100000,104,12-17,50638.788527027566,false
100000,104,18-44,60945.047114104316,false
100000,104,45-64,76520.34781744938,false
100000,104,65+,91819.633638896,false
100000,105,0-5,52426.85677810241,false
100000,105,6-11,46231.93460126661,true
100000,105,12-17,41275.400701310115,true
100000,105,18-44,49275.82123167193,true
100000,105,45-64,62724.069312786174,false
100000,105,65+,78012.46860090765,false
100000,106,0-5,42914.236763922716,true
100000,106,6-11,92184.40559485751,false
100000,106,12-17,91144.30933965197,false
100000,106,18-44,90601.49084891418,false
100000,106,45-64,51001.974409058705,false
100000,106,65+,64515.882927976825,false
100000,107,0-5,91751.6152039705,false
100000,107,6-11,79179.99093713537,false
100000,107,12-17,76444.42384019075,false
100000,107,18-44,74970.17683303572,false
100000,107,45-64,41536.400436015036,true
100000,107,65+,52869.12457416959,false
100000,108,0-5,77912.84862574686,false
100000,108,6-11,66819.15525741079,false
100000,108,12-17,62683.411840687695,false
100000,108,18-44,60543.37022731168,false
100000,108,45-64,91219.79097929258,false
100000,108,65+,43285.21717784949,true
100000,109,0-5,64659.107219540114,false
100000,109,6-11,55968.84448609599,false
100000,109,12-17,51145.89890184488,false
100000,109,18-44,48791.04680138187,true
100000,109,45-64,76365.81880842565,false
100000,109,65+,91757.23229881829,false
100000,110,0-5,53246.41165901756,false
100000,110,6-11,46686.63522028677,true
100000,110,12-17,41667.256274190324,true
100000,110,18-44,90811.61353721749,false
100000,110,45-64,62296.85855720359,false
100000,110,65+,77999.88373759469,false
100000,111,0-5,43938.814685048215,true
100000,111,6-11,92842.15947701667,false
100000,111,12-17,91482.32097906504,false
100000,111,18-44,75567.73473443832,false
100000,111,45-64,50630.127586195056,false
100000,111,65+,64697.774427189324,false
100000,112,0-5,92064.2138780432,false
100000,112,6-11,80448.96096130233,false
100000,112,12-17,77222.16955442243,false
100000,112,18-44,61220.92598640548,false
100000,112,45-64,41173.84553263032,true
100000,112,65+,53138.177414002974,false
100000,113,0-5,78501.0870772799,false
100000,113,6-11,68139.65935526496,false
100000,113,12-17,63576.46347471935,false
100000,113,18-44,49343.67138890624,true
100000,113,45-64,91045.68516644741,false
100000,113,65+,43549.445383342085,true
100000,114,0-5,65382.588513898314,false
100000,114,6-11,57242.46946402325,false
100000,114,12-17,52004.45403095534,false
100000,114,18-44,90844.35026385925,false
100000,114,45-64,76178.99905608867,false
100000,114,65+,91841.77853429921,false
100000,115,0-5,54279.208775574145,false
100000,115,6-11,48153.40229443108,true
100000,115,12-17,42587.732812590286,true
100000,115,18-44,75619.20907771196,false
100000,115,45-64,62402.33341795158,false
100000,115,65+,78280.16227052697,false
100000,116,0-5,45103.59343035652,true
100000,116,6-11,93307.15573258523,false
100000,116,12-17,91562.23048983813,false
100000,116,18-44,61301.31699743233,false
100000,116,45-64,50810.13495258958,false
100000,116,65+,65241.00585899108,false
100000,117,0-5,92159.57358727537,false
100000,117,6-11,81481.87460225352,false
100000,117,12-17,77327.23005471009,false
100000,117,18-44,49297.16606887461,true
100000,117,45-64,41253.06710510072,true
100000,117,65+,53775.655900903184,false
100000,118,0-5,78798.53761304161,false
100000,118,6-11,69670.66029472956,false
100000,118,12-17,63696.377504364216,false
100000,118,18-44,90640.9337165573,false
100000,118,45-64,90986.65169354845,false
100000,118,65+,44065.799960068485,true
100000,119,0-5,66141.53524301226,false
100000,119,6-11,59380.76759034885,false
100000,119,12-17,52260.26316247167,false
100000,119,18-44,75353.18796351245,false
100000,119,45-64,76356.84996213818,false
100000,119,65+,92022.08510287816,false
100000,120,0-5,55296.37858023585,false
100000,120,6-11,50711.650808531995,false
100000,120,12-17,42984.61569872343,true
100000,120,18-44,61234.608460286945,false
100000,120,45-64,62753.65367777301,false
100000,120,65+,78535.88462967251,false
100000,121,0-5,46114.23996044884,true
100000,121,6-11,43339.51712270524,true
100000,121,12-17,91982.57356778081,false
100000,121,18-44,49464.36246795757,true
100000,121,45-64,51197.090765856396,false
100000,121,65+,65509.70393439152,false
100000,122,0-5,92352.54928488239,false
100000,122,6-11,93870.76385309194,false
100000,122,12-17,78293.68926553204,false
100000,122,18-44,90675.17606074254,false
100000,122,45-64,41610.27168143037,true
100000,122,65+,54064.536698132855,false
100000,123,0-5,79639.95607135067,false
100000,123,6-11,82939.64767416043,false
100000,123,12-17,65215.74847879317,false
100000,123,18-44,75325.20647283146,false
100000,123,45-64,91273.8577378752,false
100000,123,65+,44503.421595619155,true
100000,124,0-5,67502.55100901099,false
100000,124,6-11,72119.89965217569,false
100000,124,12-17,54130.236801449035,false
100000,124,18-44,61217.67965266656,false
100000,124,45-64,76973.38906715841,false
100000,124,65+,92276.90716704323,false
100000,125,0-5,56746.59550458701,false
100000,125,6-11,62342.51661563758,false
100000,125,12-17,44930.84471474823,true
100000,125,18-44,49542.28673564178,true
100000,125,45-64,63473.84360409089,false
100000,125,65+,79034.97315145888,false
100000,126,0-5,47516.573677876266,true
100000,126,6-11,53706.67581471352,false
100000,126,12-17,92158.07060956096,false
100000,126,18-44,90845.27070934125,false
100000,126,45-64,51848.838092657315,false
100000,126,65+,66090.82723759704,false
100000,127,0-5,93151.31540210742,false
100000,127,6-11,46462.64667709234,true
100000,127,12-17,78796.9576424314,false
100000,127,18-44,75726.30130219381,false
100000,127,45-64,42357.987391239556,true
100000,127,65+,54856.63470397546,false
100000,128,0-5,81243.38162604078,false
100000,128,6-11,94738.33990574648,false
100000,128,12-17,65970.97748615911,false
100000,128,18-44,61541.95739260353,false
100000,128,45-64,91495.70901211897,false
100000,128,65+,45394.6676643456,true
100000,129,0-5,69329.5229385665,false
100000,129,6-11,85072.98433303645,false
100000,129,12-17,54911.06693318266,false
100000,129,18-44,49778.41961560839,true
100000,129,45-64,77121.56811288277,false
100000,129,65+,92323.19140886918,false
100000,130,0-5,58803.24412212815,false
100000,130,6-11,74966.35142237374,false
100000,130,12-17,45720.38929056891,true
100000,130,18-44,90976.69960231512,false
100000,130,45-64,63382.97620432996,false
100000,130,65+,79307.4859506976,false
100000,131,0-5,50068.241459828954,false
100000,131,6-11,65818.06539039973,false
100000,131,12-17,92762.1508303101,false
100000,131,18-44,75854.50705722705,false
100000,131,45-64,51811.05470773787,false
100000,131,65+,66562.45969642817,false
100000,132,0-5,42829.03457384484,true
100000,132,6-11,57865.69074355132,false
100000,132,12-17,80176.45967300687,false
100000,132,18-44,61746.768591043496,false
100000,132,45-64,42368.490288238165,true
100000,132,65+,55483.94235066142,false
100000,133,0-5,94086.57677080447,false
100000,133,6-11,51146.42843225955,false
100000,133,12-17,67856.78292703579,false
100000,133,18-44,49979.84466507657,true
100000,133,45-64,91365.70405901382,false
100000,133,65+,46110.02159125475,true
100000,134,0-5,83322.580412187,false
100000,134,6-11,45207.94768743481,true
100000,134,12-17,57125.76543701891,false
100000,134,18-44,91032.15283201,false
100000,134,45-64,76906.46877670944,false
100000,134,65+,92765.32887231145,false
100000,135,0-5,72589.76267741628,false
100000,135,6-11,96253.76522356785,false
100000,135,12-17,48167.87522772074,true
100000,135,18-44,76140.33554789751,false
100000,135,45-64,63430.41048102271,false
100000,135,65+,80293.50269252084,false
100000,136,0-5,63019.525603447815,false
100000,136,6-11,88882.57142896834,false
100000,136,12-17,93435.52043435331,false
100000,136,18-44,62194.934349060066,false
100000,136,45-64,52119.35120593195,false
100000,136,65+,68057.99854938629,false
100000,137,0-5,54672.28527353381,false
100000,137,6-11,80644.64147740674,false
100000,137,12-17,81668.01888814224,false
100000,137,18-44,50472.61652133653,false
100000,137,45-64,42711.10541408803,true
100000,137,65+,57156.936748530235,false
100000,138,0-5,47201.59321160766,true
100000,138,6-11,72499.95113179661,false
100000,138,12-17,69859.15754295797,false
100000,138,18-44,40899.950304264166,true
100000,138,45-64,91497.0378791938,false
100000,138,65+,47702.43967821865,true
100000,139,0-5,94667.09998543278,false
100000,139,6-11,64965.40312376951,false
100000,139,12-17,59592.860752018074,false
100000,139,18-44,91174.07800544417,false
100000,139,45-64,77259.39215964102,false
100000,139,65+,93004.01680920176,false
100000,140,0-5,85556.76430347584,false
100000,140,6-11,58479.622933922015,false
100000,140,12-17,51010.63448396549,false
100000,140,18-44,76510.4533163483,false
100000,140,45-64,63983.211863792785,false
100000,140,65+,80950.16561422581,false
100000,141,0-5,76166.72855067535,false
100000,141,6-11,52977.46522088218,false
100000,141,12-17,43843.53482865846,true
100000,141,18-44,62635.10412331566,false
100000,141,45-64,52826.49582631659,false
100000,141,65+,69167.5391487735,false
100000,142,0-5,67467.84389979889,false
100000,142,6-11,48078.534764693446,true
100000,142,12-17,94397.33806003901,false
100000,142,18-44,50924.06630148115,false
100000,142,45-64,43509.63656336472,true
100000,142,65+,58671.20415322985,false
100000,143,0-5,59664.64166647452,false
100000,143,6-11,96202.52738738732,false
100000,143,12-17,84082.0464774185,false
100000,143,18-44,41403.80265240028,true
100000,143,45-64,91643.36855385744,false
100000,143,65+,49517.4955741419,true
100000,144,0-5,52722.473191668854,false
100000,144,6-11,90869.89097643025,false
100000,144,12-17,73316.91401892956,false
100000,144,18-44,91502.49121577975,false
100000,144,45-64,77668.44726595194,false
100000,144,65+,93543.96775687864,false
100000,145,0-5,46743.924837502134,true
100000,145,6-11,84038.34045058899,false
100000,145,12-17,63799.3396678986,false
100000,145,18-44,77190.22819652814,false
100000,145,45-64,64594.65435213316,false
100000,145,65+,82330.57320989743,false
100000,146,0-5,96183.70726595455,false
100000,146,6-11,78471.13279906778,false
100000,146,12-17,55861.710090323584,false
100000,146,18-44,63553.73475090709,false
100000,146,45-64,53577.33747275474,false
100000,146,65+,71099.65892594085,false
100000,147,0-5,88833.62692840183,false
100000,147,6-11,72495.92818516548,false
100000,147,12-17,48956.30952818298,true
100000,147,18-44,51947.19770463683,false
100000,147,45-64,44390.929956184176,true
100000,147,65+,61163.23558374733,false
100000,148,0-5,80659.09049700374,false
100000,148,6-11,67545.49717536272,false
100000,148,12-17,95244.93465893729,false
100000,148,18-44,42398.03133589395,true
100000,148,45-64,92029.55509142479,false
100000,148,65+,52483.272965950506,false
100000,149,0-5,72630.75573126317,false
100000,149,6-11,62988.39969191244,false
100000,149,12-17,86860.82313011267,false
100000,149,18-44,91770.05737262417,false
100000,149,45-64,78367.72109779109,false
100000,149,65+,45186.83004819002,true
1000000,1,0-5,998753.2686841319,false
1000000,1,6-11,991440.9074737846,false
1000000,1,12-17,992153.3983809383,false
1000000,1,18-44,997930.2673072988,false
1000000,1,45-64,988194.060577848,false
1000000,1,65+,994884.2439763389,false
1000000,2,0-5,927274.893740213,false
1000000,2,6-11,430396.9418243713,true
1000000,2,12-17,785384.5438372766,false
1000000,2,18-44,856007.3975469713,false
1000000,2,45-64,631932.22828652,false
1000000,2,65+,813793.0988915075,false
1000000,3,0-5,414001.9070587687,true
1000000,3,6-11,29072.085275560534,true
1000000,3,12-17,97322.04383265592,true
1000000,3,18-44,511625.3649646763,false
1000000,3,45-64,281623.6004822132,true
1000000,3,65+,414898.2238287658,true
1000000,4,0-5,631422.5340772318,false
1000000,4,6-11,217277.018366961,true
1000000,4,12-17,399910.8586350551,true
1000000,4,18-44,324499.7897618848,true
1000000,4,45-64,734710.9176920131,false
1000000,4,65+,691117.4744336508,false
1000000,5,0-5,396053.8289804625,true
1000000,5,6-11,615134.7567170026,false
1000000,5,12-17,681212.277270597,false
1000000,5,18-44,863813.7314475337,false
1000000,5,45-64,519358.3470919624,false
1000000,5,65+,410864.02361413295,true
1000000,6,0-5,847683.6783062738,false
1000000,6,6-11,403306.95735296013,true
1000000,6,12-17,460085.49999643356,true
1000000,6,18-44,689783.4554950391,false
1000000,6,45-64,397699.71708921297,true
1000000,6,65+,834601.1778756214,false
1000000,7,0-5,660483.2634618552,false
1000000,7,6-11,848151.1654753794,false
1000000,7,12-17,864516.2612001539,false
1000000,7,18-44,550095.9675985137,false
1000000,7,45-64,903530.5555779643,false
1000000,7,65+,659417.0353694926,false
1000000,8,0-5,517058.43922400527,false
1000000,8,6-11,644369.9269718146,false
1000000,8,12-17,687503.1485181422,false
1000000,8,18-44,441582.3418748826,true
1000000,8,45-64,753867.9730096494,false
1000000,8,65+,526616.5511193261,false
1000000,9,0-5,406605.3583452465,true
1000000,9,6-11,478817.0294776797,true
1000000,9,12-17,539222.1314251063,false
1000000,9,18-44,888098.3589465964,false
1000000,9,45-64,613864.3555041887,false
1000000,9,65+,426341.5289767562,true
1000000,10,0-5,884172.6122814636,false
1000000,10,6-11,848526.8601718043,false
1000000,10,12-17,419831.13167540694,true
1000000,10,18-44,714856.0530687306,false
1000000,10,45-64,495742.9249559815,true
1000000,10,65+,912659.0114368713,false
1000000,11,0-5,708855.0112800165,false
1000000,11,6-11,640393.8198317131,false
1000000,11,12-17,881766.1530068732,false
1000000,11,18-44,569604.0827050068,false
1000000,11,45-64,904395.0768077647,false
1000000,11,65+,774073.8057352894,false
1000000,12,0-5,556245.6431280847,false
1000000,12,6-11,475292.2100366794,true
1000000,12,12-17,703098.1412689239,false
1000000,12,18-44,451991.4625604399,true
1000000,12,45-64,749297.1680987533,false
1000000,12,65+,641234.1253073075,false
1000000,13,0-5,433452.14108599117,true
1000000,13,6-11,851005.2019279826,false
1000000,13,12-17,546885.2910269173,false
1000000,13,18-44,882435.3733631673,false
1000000,13,45-64,601108.5697889565,false
1000000,13,65+,522623.9595691733,false
1000000,14,0-5,884476.1877454292,false
1000000,14,6-11,643499.5977152073,false
1000000,14,12-17,425762.9386403552,true
1000000,14,18-44,720345.4144337095,false
1000000,14,45-64,484274.3614560228,true
1000000,14,65+,428759.41431615077,true
1000000,15,0-5,707726.9574051779,false
1000000,15,6-11,477186.98464007076,true
1000000,15,12-17,877124.2109989258,false
1000000,15,18-44,574545.0037054339,false
1000000,15,45-64,894543.4524384676,false
1000000,15,65+,906815.9284035026,false
1000000,16,0-5,550146.5498960727,false
1000000,16,6-11,850455.7795595119,false
1000000,16,12-17,692843.8501562754,false
1000000,16,18-44,448449.6029454217,true
1000000,16,45-64,728818.4730778132,false
1000000,16,65+,749772.5798955378,false
1000000,17,0-5,427449.6245554106,true
1000000,17,6-11,642999.3527543899,false
1000000,17,12-17,536885.468598318,false
1000000,17,18-44,886291.5245719394,false
1000000,17,45-64,581525.5394616914,false
1000000,17,65+,605557.44604326,false
1000000,18,0-5,877528.7295053789,false
1000000,18,6-11,477684.6944709186,true
1000000,18,12-17,414348.0558958478,true
1000000,18,18-44,712141.1350833888,false
1000000,18,45-64,461855.02775003255,true
1000000,18,65+,485486.0580997378,true
1000000,19,0-5,694843.5639586394,false
1000000,19,6-11,851400.4417832702,false
1000000,19,12-17,869904.7617625308,false
1000000,19,18-44,553344.8705574388,false
1000000,19,45-64,883026.089813115,false
1000000,19,65+,889825.9187181105,false
1000000,20,0-5,540650.3296583043,false
1000000,20,6-11,644313.0540701267,false
1000000,20,12-17,686140.7346103634,false
1000000,20,18-44,435829.0759210782,true
1000000,20,45-64,720084.0272118115,false
1000000,20,65+,734109.4085514537,false
1000000,21,0-5,419615.2854525201,true
1000000,21,6-11,479486.6555360373,true
1000000,21,12-17,531315.409200862,false
1000000,21,18-44,881161.4027565611,false
1000000,21,45-64,574621.7118449544,false
1000000,21,65+,591116.7444690436,false
1000000,22,0-5,875213.6453259808,false
1000000,22,6-11,854130.5755204819,false
1000000,22,12-17,408816.0030966585,true
1000000,22,18-44,705019.2822588561,false
1000000,22,45-64,453678.6677866493,true
1000000,22,65+,468785.9517194839,true
1000000,23,0-5,698181.0661606935,false
1000000,23,6-11,650435.6598846226,false
1000000,23,12-17,875772.4281573374,false
1000000,23,18-44,558966.5416444454,false
1000000,23,45-64,894518.7776360932,false
1000000,23,65+,898677.8812174347,false
1000000,24,0-5,546078.5437029549,false
1000000,24,6-11,487368.81180733565,true
1000000,24,12-17,692362.0239818722,false
1000000,24,18-44,440433.346980841,true
1000000,24,45-64,731957.2840372201,false
1000000,24,65+,740130.1488558847,false
1000000,25,0-5,423476.168692493,true
1000000,25,6-11,859524.188927341,false
1000000,25,12-17,534723.4680605967,false
1000000,25,18-44,877270.3902943456,false
1000000,25,45-64,580660.7256424003,false
1000000,25,65+,590007.127302985,false
1000000,26,0-5,882567.6641818327,false
1000000,26,6-11,662092.4652527786,false
1000000,26,12-17,413878.43092194304,true
1000000,26,18-44,712022.87178633,false
1000000,26,45-64,463949.13151154073,true
1000000,26,65+,474208.41171881644,true
1000000,27,0-5,706253.3506415196,false
1000000,27,6-11,503154.1028062919,false
1000000,27,12-17,875500.6007231937,false
1000000,27,18-44,566127.8694160341,false
1000000,27,45-64,893081.7185207602,false
1000000,27,65+,896734.9025207232,false
1000000,28,0-5,549582.4361023353,false
1000000,28,6-11,383787.8527132812,true
1000000,28,12-17,690887.8675851667,false
1000000,28,18-44,439716.67341940204,true
1000000,28,45-64,726758.6565458166,false
1000000,28,65+,733079.5477173049,false
1000000,29,0-5,425473.7028329756,true
1000000,29,6-11,872357.6439580218,false
1000000,29,12-17,533125.5372105489,false
1000000,29,18-44,879556.9232423481,false
1000000,29,45-64,574918.1048602073,false
1000000,29,65+,580920.3343003197,false
1000000,30,0-5,887125.5321095809,false
1000000,30,6-11,687034.2025856926,false
1000000,30,12-17,414022.7910117836,true
1000000,30,18-44,719299.9655416468,false
1000000,30,45-64,461162.355670911,true
1000000,30,65+,467611.34398757643,true
1000000,31,0-5,715806.3202552272,false
1000000,31,6-11,534623.9368915772,false
1000000,31,12-17,879110.4672901368,false
1000000,31,18-44,575431.068010688,false
1000000,31,45-64,896237.2958702112,false
1000000,31,65+,899374.7308677924,false
1000000,32,0-5,562230.1751924613,false
1000000,32,6-11,419050.3111477296,true
1000000,32,12-17,698094.3347003607,false
1000000,32,18-44,449826.4555203947,true
1000000,32,45-64,732887.3990835233,false
1000000,32,65+,738870.4864877856,false
1000000,33,0-5,439372.1269537262,true
1000000,33,6-11,892360.8225574173,false
1000000,33,12-17,542994.2032454466,false
1000000,33,18-44,883641.376995732,false
1000000,33,45-64,583387.9002835172,false
1000000,33,65+,590157.0087886393,false
1000000,34,0-5,891470.0210419453,false
1000000,34,6-11,728480.693562186,false
1000000,34,12-17,423617.79807069,true
1000000,34,18-44,722691.5420692514,false
1000000,34,45-64,468116.6350729976,true
1000000,34,65+,476065.4710533066,true
1000000,35,0-5,725409.736206658,false
1000000,35,6-11,587517.2608672751,false
1000000,35,12-17,884163.1634665126,false
1000000,35,18-44,581469.0527624236,false
1000000,35,45-64,899755.1082984972,false
1000000,35,65+,903225.0975780742,false
1000000,36,0-5,577709.9241831384,false
1000000,36,6-11,476725.7206865866,true
1000000,36,12-17,708283.1554659401,false
1000000,36,18-44,462050.54695765045,true
1000000,36,45-64,742077.2356394537,false
1000000,36,65+,749472.37613731,false
1000000,37,0-5,458900.5391113304,true
1000000,37,6-11,912182.5950746262,false
1000000,37,12-17,556578.8396944933,false
1000000,37,18-44,893132.5716409101,false
1000000,37,45-64,598083.087237718,false
1000000,37,65+,607438.0015309928,false
1000000,38,0-5,899215.3096756834,false
1000000,38,6-11,770386.0520189069,false
1000000,38,12-17,438135.82103597315,true
1000000,38,18-44,734800.3403203397,false
1000000,38,45-64,483279.5238931772,true
1000000,38,65+,493694.59981934854,true
1000000,39,0-5,741350.5413800419,false
1000000,39,6-11,641541.2452155319,false
1000000,39,12-17,890877.5988435973,false
1000000,39,18-44,594695.0669730625,false
1000000,39,45-64,904122.8733098579,false
1000000,39,65+,908132.7190728984,false
1000000,40,0-5,599244.67185903,false
1000000,40,6-11,535578.3606840726,false
1000000,40,12-17,722082.9895180158,false
1000000,40,18-44,478768.4486020905,true
1000000,40,45-64,751674.3872037099,false
1000000,40,65+,760602.4989730215,false
1000000,41,0-5,483373.0136895135,true
1000000,41,6-11,449239.9668293557,true
1000000,41,12-17,574122.4192787409,false
1000000,41,18-44,901880.7962285044,false
1000000,41,45-64,611147.8779411804,false
1000000,41,65+,623090.9099949843,false
1000000,42,0-5,907134.318447884,false
1000000,42,6-11,929231.4048669455,false
1000000,42,12-17,456599.6691409936,true
1000000,42,18-44,747517.4858230996,false
1000000,42,45-64,495965.15137080953,true
1000000,42,65+,508752.2407817933,false
1000000,43,0-5,758093.655097166,false
1000000,43,6-11,805106.6088366825,false
1000000,43,12-17,898389.6053509112,false
1000000,43,18-44,608595.4542100735,false
1000000,43,45-64,907932.8587704267,false
1000000,43,65+,417179.81456269795,true
1000000,44,0-5,621470.8270719602,false
1000000,44,6-11,683905.6863756848,false
1000000,44,12-17,737415.0583854198,false
1000000,44,18-44,494261.57588592026,true
1000000,44,45-64,760008.0815907379,false
1000000,44,65+,913382.1568470385,false
1000000,45,0-5,507761.4456453658,false
1000000,45,6-11,578756.3640928027,false
1000000,45,12-17,593242.0328557929,false
1000000,45,18-44,906712.4101012404,false
1000000,45,45-64,622200.685263665,false
1000000,45,65+,769857.3247642512,false
1000000,46,0-5,415581.2209368059,true
1000000,46,6-11,489738.7646316358,true
1000000,46,12-17,476604.43334127177,true
1000000,46,18-44,754699.1053602322,false
1000000,46,45-64,507263.4642910289,false
1000000,46,65+,635084.5556244137,false
1000000,47,0-5,914877.1875954402,false
1000000,47,6-11,931817.5911551401,false
1000000,47,12-17,903846.53360813,false
1000000,47,18-44,614631.8980838449,false
1000000,47,45-64,413563.9808244037,true
1000000,47,65+,520816.4905882216,false
1000000,48,0-5,771787.5089350633,false
1000000,48,6-11,809055.0881463825,false
1000000,48,12-17,748319.8453938074,false
1000000,48,18-44,499244.01865798904,true
1000000,48,45-64,910412.147256398,false
1000000,48,65+,426621.23236410535,true
1000000,49,0-5,637216.5600445566,false
1000000,49,6-11,686384.0441202926,false
1000000,49,12-17,607179.5134683845,false
1000000,49,18-44,910143.9325377952,false
1000000,49,45-64,763939.1030572564,false
1000000,49,65+,914533.8189837476,false
1000000,50,0-5,524764.8654756924,false
1000000,50,6-11,578415.9822082445,false
1000000,50,12-17,491575.40378090536,true
1000000,50,18-44,760702.5057561331,false
1000000,50,45-64,627923.9434832288,false
1000000,50,65+,774230.3422486761,false
1000000,51,0-5,432374.88051792816,true
1000000,51,6-11,486373.6562097236,true
1000000,51,12-17,908259.3700406973,false
1000000,51,18-44,621101.8666791833,false
1000000,51,45-64,513306.6310666892,false
1000000,51,65+,641158.9818326462,false
1000000,52,0-5,917084.9100947155,false
1000000,52,6-11,928606.3437606762,false
1000000,52,12-17,756519.3335878423,false
1000000,52,18-44,504525.2888564752,false
1000000,52,45-64,418945.60284079757,true
1000000,52,65+,526065.1739210673,false
1000000,53,0-5,776383.4581004237,false
1000000,53,6-11,800975.2298335904,false
1000000,53,12-17,616350.7652864725,false
1000000,53,18-44,409850.87571544276,true
1000000,53,45-64,910824.3593213699,false
1000000,53,65+,429703.2883319187,true
1000000,54,0-5,642688.6340040889,false
1000000,54,6-11,674454.1216050903,false
1000000,54,12-17,500477.95977756963,false
1000000,54,18-44,910630.2585620732,false
1000000,54,45-64,764639.200504566,false
1000000,54,65+,914643.14763235,false
1000000,55,0-5,530149.8828004608,false
1000000,55,6-11,564339.117770497,false
1000000,55,12-17,406639.60247958056,true
1000000,55,18-44,761700.8669468858,false
1000000,55,45-64,629017.4350299375,false
1000000,55,65+,776304.6384627735,false
1000000,56,0-5,437348.5082368149,true
1000000,56,6-11,471665.29617126414,true
1000000,56,12-17,910748.651389857,false
1000000,56,18-44,621979.5150437292,false
1000000,56,45-64,514771.18486359133,false
1000000,56,65+,644526.2462937916,false
1000000,57,0-5,917377.938516942,false
1000000,57,6-11,925074.9457020311,false
1000000,57,12-17,761267.24168682,false
1000000,57,18-44,504913.1855936505,false
1000000,57,45-64,420203.6796009236,true
1000000,57,65+,528987.2175001532,false
1000000,58,0-5,775951.098516899,false
1000000,58,6-11,793010.0697653791,false
1000000,58,12-17,621859.7774498333,false
1000000,58,18-44,409794.6610156213,true
1000000,58,45-64,910454.8888692567,false
1000000,58,65+,431448.67518462223,true
1000000,59,0-5,640679.2080387939,false
1000000,59,6-11,663288.7419956371,false
1000000,59,12-17,505795.1659277774,false
1000000,59,18-44,910192.88181933,false
1000000,59,45-64,763726.2308474705,false
1000000,59,65+,914137.3034894925,false
1000000,60,0-5,526826.6384892802,false
1000000,60,6-11,551656.2473739217,false
1000000,60,12-17,411291.2631651034,true
1000000,60,18-44,760598.1790279688,false
1000000,60,45-64,627586.9363293953,false
1000000,60,65+,775487.4186196494,false
1000000,61,0-5,433309.96166479995,true
1000000,61,6-11,458527.80098249257,true
1000000,61,12-17,911310.6771597123,false
1000000,61,18-44,620247.6814266937,false
1000000,61,45-64,512793.30507601483,false
1000000,61,65+,644109.5497747201,false
1000000,62,0-5,915919.8609261565,false
1000000,62,6-11,922093.061440712,false
1000000,62,12-17,762808.5133318775,false
1000000,62,18-44,502494.80234215996,false
1000000,62,45-64,418019.55262759555,true
1000000,62,65+,529117.3936466865,false
1000000,63,0-5,772543.2219584456,false
1000000,63,6-11,786794.5589768561,false
1000000,63,12-17,623181.3036262691,false
1000000,63,18-44,406626.32440009306,true
1000000,63,45-64,910492.9712853249,false
1000000,63,65+,431611.67604822275,true
1000000,64,0-5,635717.9689650144,false
1000000,64,6-11,655183.1274310747,false
1000000,64,12-17,506236.44853936177,false
1000000,64,18-44,909666.6459705773,false
1000000,64,45-64,763854.901668645,false
1000000,64,65+,913978.5748192536,false
1000000,65,0-5,521462.51457475434,false
1000000,65,6-11,542716.3569171524,false
1000000,65,12-17,411082.3585073684,true
1000000,65,18-44,759670.2243315182,false
1000000,65,45-64,628212.014575301,false
1000000,65,65+,774774.6696449145,false
1000000,66,0-5,428412.048917449,true
1000000,66,6-11,449610.59763512696,true
1000000,66,12-17,911252.3509146672,false
1000000,66,18-44,619093.5293357966,false
1000000,66,45-64,514329.0637807942,false
1000000,66,65+,643263.0267276418,false
1000000,67,0-5,915196.7286193947,false
1000000,67,6-11,920375.356182595,false
1000000,67,12-17,761793.726400045,false
1000000,67,18-44,500922.95460755733,false
1000000,67,45-64,419933.4136522525,true
1000000,67,65+,528179.3451262126,false
1000000,68,0-5,771097.4603379737,false
1000000,68,6-11,783244.9324687275,false
1000000,68,12-17,621268.6525521716,false
1000000,68,18-44,404806.30841675267,true
1000000,68,45-64,910170.1781336833,false
1000000,68,65+,430580.304070923,true
1000000,69,0-5,633503.1682908579,false
1000000,69,6-11,650406.9450293449,false
1000000,69,12-17,503419.0054249068,false
1000000,69,18-44,909570.3326249402,false
1000000,69,45-64,762693.4380970446,false
1000000,69,65+,913825.5379276457,false
1000000,70,0-5,519006.7976587836,false
1000000,70,6-11,537928.6434802501,false
1000000,70,12-17,407892.1019131241,true
1000000,70,18-44,759426.7844942363,false
1000000,70,45-64,625974.3201942333,false
1000000,70,65+,774566.2181592117,false
1000000,71,0-5,425902.80509185395,true
1000000,71,6-11,445232.97691745264,true
1000000,71,12-17,910505.6310028211,false
1000000,71,18-44,618427.1849288115,false
1000000,71,45-64,511263.0903072648,false
1000000,71,65+,642807.0059694187,false
1000000,72,0-5,914333.3028241365,false
1000000,72,6-11,919359.1409326887,false
1000000,72,12-17,760263.4729226311,false
1000000,72,18-44,500045.41327954584,false
1000000,72,45-64,416401.43791270984,true
1000000,72,65+,527456.1427783688,false
1000000,73,0-5,769019.6068234217,false
1000000,73,6-11,781288.5193708224,false
1000000,73,12-17,619225.5319071903,false
1000000,73,18-44,403880.6320524069,true
1000000,73,45-64,909667.0116212307,false
1000000,73,65+,429645.12715043046,true
1000000,74,0-5,630878.4318613795,false
1000000,74,6-11,648091.1055896414,false
1000000,74,12-17,501457.0711070047,false
1000000,74,18-44,908865.435101843,false
1000000,74,45-64,761632.3907767726,false
1000000,74,65+,913603.7141588792,false
1000000,75,0-5,516116.22736298054,false
1000000,75,6-11,535635.7923327317,false
1000000,75,12-17,406349.15675984195,true
1000000,75,18-44,758193.6501419552,false
1000000,75,45-64,624803.7203575257,false
1000000,75,65+,774234.6609583173,false
1000000,76,0-5,423111.8758971421,true
1000000,76,6-11,443062.90085978765,true
1000000,76,12-17,910409.343587705,false
1000000,76,18-44,617189.6609647347,false
1000000,76,45-64,510073.77302968054,false
1000000,76,65+,643154.582984684,false
1000000,77,0-5,913755.9613015547,false
1000000,77,6-11,919144.6792637772,false
1000000,77,12-17,760384.07016351,false
1000000,77,18-44,498879.6237719293,true
1000000,77,45-64,415062.71666086285,true
1000000,77,65+,528223.5664482616,false
1000000,78,0-5,768218.3632168366,false
1000000,78,6-11,781126.8544636917,false
1000000,78,12-17,619162.5683486046,false
1000000,78,18-44,906930.0777592809,false
1000000,78,45-64,909650.7903132354,false
1000000,78,65+,430770.5855601387,true
1000000,79,0-5,632383.3446855512,false
1000000,79,6-11,649787.6285091921,false
1000000,79,12-17,501551.43018681736,false
1000000,79,18-44,754607.2497220563,false
1000000,79,45-64,762649.7981998858,false
1000000,79,65+,916307.678442916,false
1000000,80,0-5,518333.32568034786,false
1000000,80,6-11,537774.4476187766,false
1000000,80,12-17,406413.3545767876,true
1000000,80,18-44,613914.8108225801,false
1000000,80,45-64,625922.5545487229,false
1000000,80,65+,777557.7728248886,false
1000000,81,0-5,423461.24722327926,true
1000000,81,6-11,443538.5252490499,true
1000000,81,12-17,909363.1205325556,false
1000000,81,18-44,496471.8636206294,true
1000000,81,45-64,509561.84392621205,false
1000000,81,65+,643428.9089048313,false
1000000,82,0-5,911308.0920127768,false
1000000,82,6-11,916877.8180813667,false
1000000,82,12-17,757664.2205327431,false
1000000,82,18-44,906644.3647667455,false
1000000,82,45-64,413427.34126738866,true
1000000,82,65+,526138.823990776,false
1000000,83,0-5,766530.1364579841,false
1000000,83,6-11,779470.5648840712,false
1000000,83,12-17,616710.6223795632,false
1000000,83,18-44,753324.1434498912,false
1000000,83,45-64,912378.6848807292,false
1000000,83,65+,429649.66322234547,true
1000000,84,0-5,632290.0456942468,false
1000000,84,6-11,650032.3125673325,false
1000000,84,12-17,500197.6662452973,false
1000000,84,18-44,612255.0014158139,false
1000000,84,45-64,766481.2871827574,false
1000000,84,65+,917453.9371120689,false
1000000,85,0-5,518104.67158721335,false
1000000,85,6-11,537996.3522884852,false
1000000,85,12-17,405500.26041976153,true
1000000,85,18-44,495250.4409658496,true
1000000,85,45-64,627364.061241846,false
1000000,85,65+,778436.3423405128,false
1000000,86,0-5,422675.44388564647,true
1000000,86,6-11,442957.9354749438,true
1000000,86,12-17,909213.2241291794,false
1000000,86,18-44,906900.1079811997,false
1000000,86,45-64,509135.74628602184,false
1000000,86,65+,643436.2210965635,false
1000000,87,0-5,914652.8980253679,false
1000000,87,6-11,919824.894801172,false
1000000,87,12-17,758854.6119358169,false
1000000,87,18-44,753474.4225766965,false
1000000,87,45-64,414114.6482446918,true
1000000,87,65+,527055.4421996522,false
1000000,88,0-5,771502.0464974125,false
1000000,88,6-11,784425.2403613864,false
1000000,88,12-17,618812.107388169,false
1000000,88,18-44,611515.9481083622,false
1000000,88,45-64,912497.081824812,false
1000000,88,65+,431270.2282353494,true
1000000,89,0-5,634667.5757909515,false
1000000,89,6-11,653127.2487635332,false
1000000,89,12-17,502304.3907742586,false
1000000,89,18-44,494227.7680543696,true
1000000,89,45-64,766020.4089977455,false
1000000,89,65+,916582.0418437836,false
1000000,90,0-5,517493.23811678775,false
1000000,90,6-11,538779.2097202827,false
1000000,90,12-17,407312.7354992868,true
1000000,90,18-44,907976.7599191791,false
1000000,90,45-64,626501.4943073747,false
1000000,90,65+,777081.9135759807,false
1000000,91,0-5,422739.0438860194,true
1000000,91,6-11,444823.9055556785,true
1000000,91,12-17,910277.6305565444,false
1000000,91,18-44,755075.8860868296,false
1000000,91,45-64,509754.45126460685,false
1000000,91,65+,643975.932944628,false
1000000,92,0-5,915263.6817448963,false
1000000,92,6-11,920471.911556165,false
1000000,92,12-17,760839.080082534,false
1000000,92,18-44,612081.894885958,false
1000000,92,45-64,415146.75658402813,true
1000000,92,65+,529067.428373235,false
1000000,93,0-5,771572.3222539993,false
1000000,93,6-11,784213.4784351002,false
1000000,93,12-17,620801.386194876,false
1000000,93,18-44,493170.53989267896,true
1000000,93,45-64,909977.9623610551,false
1000000,93,65+,432837.0833875246,true
1000000,94,0-5,634154.6221556413,false
1000000,94,6-11,652294.4307250369,false
1000000,94,12-17,503703.8666787288,false
1000000,94,18-44,907450.7537445409,false
1000000,94,45-64,761045.7795594702,false
1000000,94,65+,915619.0868953867,false
1000000,95,0-5,519582.77028670965,false
1000000,95,6-11,540326.801507976,false
1000000,95,12-17,408708.0127700397,true
1000000,95,18-44,755056.145199071,false
1000000,95,45-64,623330.0616709138,false
1000000,95,65+,776549.7027663126,false
1000000,96,0-5,426511.9979663918,true
1000000,96,6-11,447883.97298303316,true
1000000,96,12-17,910660.185412629,false
1000000,96,18-44,612876.2344041675,false
1000000,96,45-64,508188.56170412933,false
1000000,96,65+,644047.487329465,false
1000000,97,0-5,914334.3419780516,false
1000000,97,6-11,920097.7088917684,false
1000000,97,12-17,761195.412516894,false
1000000,97,18-44,494027.34796319256,true
1000000,97,45-64,413135.39088098565,true
1000000,97,65+,528469.4933408655,false
1000000,98,0-5,770702.5972347262,false
1000000,98,6-11,784769.1359809191,false
1000000,98,12-17,620733.9331256906,false
1000000,98,18-44,905477.9423772384,false
1000000,98,45-64,908741.7935359197,false
1000000,98,65+,430929.18666916125,true
1000000,99,0-5,636682.178421388,false
1000000,99,6-11,656840.595036616,false
1000000,99,12-17,504246.0228133957,false
1000000,99,18-44,751981.9274867274,false
1000000,99,45-64,760518.6557356741,false
1000000,99,65+,916616.300683104,false
1000000,100,0-5,524123.705897115,false
1000000,100,6-11,547674.9154704964,false
1000000,100,12-17,410271.5433131026,true
1000000,100,18-44,610482.1127303758,false
1000000,100,45-64,623605.0126032705,false
1000000,100,65+,777985.3746433061,false
1000000,101,0-5,430076.19424294133,true
1000000,101,6-11,454968.4289984145,true
1000000,101,12-17,911406.1579972475,false
1000000,101,18-44,492392.4166688179,true
1000000,101,45-64,507458.5763218654,false
1000000,101,65+,644203.9475782394,false
1000000,102,0-5,913069.1535419684,false
1000000,102,6-11,920425.4556387962,false
1000000,102,12-17,763367.1837400191,false
1000000,102,18-44,905510.2783671,false
1000000,102,45-64,411115.62736257736,true
1000000,102,65+,527379.605458858,false
1000000,103,0-5,771710.2815842007,false
1000000,103,6-11,788560.9999476154,false
1000000,103,12-17,624366.9323280393,false
1000000,103,18-44,750964.8364251447,false
1000000,103,45-64,911133.14846184,false
1000000,103,65+,431043.6213157209,true
1000000,104,0-5,640059.867326209,false
1000000,104,6-11,663375.6421175587,false
1000000,104,12-17,508522.767571336,false
1000000,104,18-44,608992.1166313117,false
1000000,104,45-64,763918.9052762276,false
1000000,104,65+,918351.2111334684,false
1000000,105,0-5,526998.9785623418,false
1000000,105,6-11,554131.6262956371,false
1000000,105,12-17,414160.13301294355,true
1000000,105,18-44,491640.442962237,true
1000000,105,45-64,624678.7609464101,false
1000000,105,65+,780586.660553551,false
1000000,106,0-5,431707.93365990906,true
1000000,106,6-11,460491.65770519123,true
1000000,106,12-17,911466.5361496567,false
1000000,106,18-44,906143.877227075,false
1000000,106,45-64,506421.1300326328,false
1000000,106,65+,646397.5752956998,false
1000000,107,0-5,917570.2142954969,false
1000000,107,6-11,925774.4734660676,false
1000000,107,12-17,764391.6910721915,false
1000000,107,18-44,751810.0992508332,false
1000000,107,45-64,411205.754671291,true
1000000,107,65+,530225.6239464689,false
1000000,108,0-5,779391.7699490993,false
1000000,108,6-11,798513.3239120764,false
1000000,108,12-17,626901.283683392,false
1000000,108,18-44,609159.2736675575,false
1000000,108,45-64,911596.5250901651,false
1000000,108,65+,434256.25712620287,true
1000000,109,0-5,646431.8440002099,false
1000000,109,6-11,672915.1606167385,false
1000000,109,12-17,511817.0076251358,false
1000000,109,18-44,491827.6523692022,true
1000000,109,45-64,763690.837657083,false
1000000,109,65+,917594.2724266622,false
1000000,110,0-5,531486.5742073334,false
1000000,110,6-11,562292.1452637165,false
1000000,110,12-17,417651.40523190267,true
1000000,110,18-44,907844.6410414907,false
1000000,110,45-64,624196.2920014478,false
1000000,110,65+,778954.9783429244,false
1000000,111,0-5,437842.11785219435,true
1000000,111,6-11,470858.4897708142,true
1000000,111,12-17,914089.7666671576,false
1000000,111,18-44,754604.5702417317,false
1000000,111,45-64,508194.60215170454,false
1000000,111,65+,646265.366018493,false
1000000,112,0-5,920534.0793299858,false
1000000,112,6-11,929765.2806467512,false
1000000,112,12-17,769836.5304220545,false
1000000,112,18-44,611482.6275034982,false
1000000,112,45-64,414143.6178008019,true
1000000,112,65+,531478.9486543996,false
1000000,113,0-5,783538.9506899193,false
1000000,113,6-11,805980.6070021851,false
1000000,113,12-17,632765.2567120082,false
1000000,113,18-44,492470.4277235784,true
1000000,113,45-64,910763.4787190513,false
1000000,113,65+,435474.1487016837,true
1000000,114,0-5,650891.7494834209,false
1000000,114,6-11,682648.4842868242,false
1000000,114,12-17,517307.2761484325,false
1000000,114,18-44,907478.2595020875,false
1000000,114,45-64,762461.0695986893,false
1000000,114,65+,917528.1907090484,false
1000000,115,0-5,539383.7907470254,false
1000000,115,6-11,576191.9850409639,false
1000000,115,12-17,423657.01856414735,true
1000000,115,18-44,755586.1308288364,false
1000000,115,45-64,624596.8539408047,false
1000000,115,65+,780957.5278153693,false
1000000,116,0-5,448118.83730652154,true
1000000,116,6-11,487632.356795331,true
1000000,116,12-17,916117.0951871778,false
1000000,116,18-44,614611.6149184455,false
1000000,116,45-64,509450.7961844937,false
1000000,116,65+,650372.4486763141,false
1000000,117,0-5,922139.224670347,false
1000000,117,6-11,933278.786690975,false
1000000,117,12-17,773256.4749033005,false
1000000,117,18-44,496287.05197996605,true
1000000,117,45-64,414421.9002442074,true
1000000,117,65+,536171.2549820532,false
1000000,118,0-5,788386.8044673043,false
1000000,118,6-11,815316.5373467084,false
1000000,118,12-17,637286.6479184554,false
1000000,118,18-44,905999.4682518244,false
1000000,118,45-64,909516.4447266812,false
1000000,118,65+,439589.8451482059,true
1000000,119,0-5,661234.6707162666,false
1000000,119,6-11,699850.6536817505,false
1000000,119,12-17,523688.6024130551,false
1000000,119,18-44,753189.9663642619,false
1000000,119,45-64,762229.5746768806,false
1000000,119,65+,920384.9073531445,false
1000000,120,0-5,552733.0861901059,false
1000000,120,6-11,598828.1484284702,false
1000000,120,12-17,431354.3852031735,true
1000000,120,18-44,612743.6130837725,false
1000000,120,45-64,625947.0314356415,false
1000000,120,65+,785922.3285593783,false
1000000,121,0-5,461009.1677389173,true
1000000,121,6-11,511717.296395363,false
1000000,121,12-17,919300.1037925696,false
1000000,121,18-44,495343.1154948124,true
1000000,121,45-64,510519.0368249587,false
1000000,121,65+,654853.1987358412,false
1000000,122,0-5,923876.827629582,false
1000000,122,6-11,436419.7331162209,true
1000000,122,12-17,780615.2485994799,false
1000000,122,18-44,906620.9460062287,false
1000000,122,45-64,414853.71862521867,true
1000000,122,65+,539550.2759337119,false
1000000,123,0-5,796807.0031678277,false
1000000,123,6-11,940892.5519947661,false
1000000,123,12-17,648139.1630549763,false
1000000,123,18-44,753300.5328291871,false
1000000,123,45-64,912963.843695626,false
1000000,123,65+,443660.91516694956,true
1000000,124,0-5,675566.6703852034,false
1000000,124,6-11,836474.1707530866,false
1000000,124,12-17,536450.9908800608,false
1000000,124,18-44,612440.3616430149,false
1000000,124,45-64,767975.4336363095,false
1000000,124,65+,921666.4131709426,false
1000000,125,0-5,569098.5019949448,false
1000000,125,6-11,729420.8398139714,false
1000000,125,12-17,444416.05780449504,true
1000000,125,18-44,495945.41353378387,true
1000000,125,45-64,630315.8453571699,false
1000000,125,65+,788829.6679967857,false
1000000,126,0-5,477681.95360116917,true
1000000,126,6-11,630845.599038347,false
1000000,126,12-17,922809.3914922968,false
1000000,126,18-44,908293.7940063071,false
1000000,126,45-64,512988.9141588836,false
1000000,126,65+,658953.0976273725,false
1000000,127,0-5,932370.3442186883,false
1000000,127,6-11,546726.9863312539,false
1000000,127,12-17,790168.9675519962,false
1000000,127,18-44,756413.4860368056,false
1000000,127,45-64,418115.25069626403,true
1000000,127,65+,546135.9461151188,false
1000000,128,0-5,814096.2673428439,false
1000000,128,6-11,475101.2747345505,true
1000000,128,12-17,661613.7779875022,false
1000000,128,18-44,615172.0578268449,false
1000000,128,45-64,913976.8724339163,false
1000000,128,65+,451898.3199810697,true
1000000,129,0-5,695443.4720133302,false
1000000,129,6-11,950226.6338882305,false
1000000,129,12-17,551149.6180386409,false
1000000,129,18-44,498331.31406939385,true
1000000,129,45-64,769091.0658285117,false
1000000,129,65+,924304.9606741976,false
1000000,130,0-5,589811.2346329796,false
1000000,130,6-11,856966.620021045,false
1000000,130,12-17,459588.7584521928,true
1000000,130,18-44,909999.2845014104,false
1000000,130,45-64,631408.3387174038,false
1000000,130,65+,795171.8577097143,false
1000000,131,0-5,501693.448544284,false
1000000,131,6-11,759763.7907861567,false
1000000,131,12-17,928221.0616523772,false
1000000,131,18-44,760182.8157765928,false
1000000,131,45-64,516060.68985781533,false
1000000,131,65+,668595.7548610262,false
1000000,132,0-5,428559.7134584824,true
1000000,132,6-11,670171.2416311936,false
1000000,132,12-17,802634.1671939067,false
1000000,132,18-44,619831.3264002157,false
1000000,132,45-64,422059.5655729851,true
1000000,132,65+,557907.8926864683,false
1000000,133,0-5,940343.4992452302,false
1000000,133,6-11,592505.9435440868,false
1000000,133,12-17,678586.7739793784,false
1000000,133,18-44,501834.1441282949,false
1000000,133,45-64,914164.9009462838,false
1000000,133,65+,463489.3834179173,true
1000000,134,0-5,831319.5208449949,false
1000000,134,6-11,522500.6034287901,false
1000000,134,12-17,570694.2861385315,false
1000000,134,18-44,406918.4879852557,true
1000000,134,45-64,770128.0736740669,false
1000000,134,65+,926727.0072634937,false
1000000,135,0-5,719161.4741106519,false
1000000,135,6-11,462262.3037448887,true
1000000,135,12-17,480314.16344698,true
1000000,135,18-44,912246.8306360046,false
1000000,135,45-64,633156.8191398771,false
1000000,135,65+,800655.9947879023,false
1000000,136,0-5,620418.1672398817,false
1000000,136,6-11,962495.8659578068,false
1000000,136,12-17,933695.509481574,false
1000000,136,18-44,765056.1023709569,false
1000000,136,45-64,518977.1405044547,false
1000000,136,65+,677392.9717600562,false
1000000,137,0-5,538166.8864214554,false
1000000,137,6-11,889554.663747896,false
1000000,137,12-17,817309.1702707933,false
1000000,137,18-44,625364.4908910722,false
1000000,137,45-64,426268.92425094807,true
1000000,137,65+,569113.8658844035,false
1000000,138,0-5,466944.9291407838,true
1000000,138,6-11,809036.9168703071,false
1000000,138,12-17,700622.6912073814,false
1000000,138,18-44,507342.0744322121,false
1000000,138,45-64,916509.5152570278,false
1000000,138,65+,476478.5454933132,true
1000000,139,0-5,947852.4932035706,false
1000000,139,6-11,730427.284981694,false
1000000,139,12-17,598308.5456118359,false
1000000,139,18-44,412103.67146057455,true
1000000,139,45-64,774398.3106885866,false
1000000,139,65+,930669.4805657004,false
1000000,140,0-5,855817.684872416,false
1000000,140,6-11,657658.7314292731,false
1000000,140,12-17,511203.5592242398,false
1000000,140,18-44,914074.5655385761,false
1000000,140,45-64,638292.4998612974,false
1000000,140,65+,810685.9547806254,false
1000000,141,0-5,759881.101517138,false
1000000,141,6-11,593921.4352382952,false
1000000,141,12-17,438312.41801530495,true
1000000,141,18-44,769121.7147276781,false
1000000,141,45-64,524488.9065977404,false
1000000,141,65+,692217.7729515025,false
1000000,142,0-5,672540.4176263143,false
1000000,142,6-11,538076.3073439054,false
1000000,142,12-17,944159.9695540556,false
1000000,142,18-44,631263.8896607326,false
1000000,142,45-64,431760.2455709694,true
1000000,142,65+,587504.8886042929,false
1000000,143,0-5,595812.8055886127,false
1000000,143,6-11,486400.81703622505,true
1000000,143,12-17,842587.5313612222,false
1000000,143,18-44,514515.5181673559,false
1000000,143,45-64,918974.5366262343,false
1000000,143,65+,497474.042877958,true
1000000,144,0-5,527644.878696596,false
1000000,144,6-11,975010.6155650114,false
1000000,144,12-17,736385.7223645307,false
1000000,144,18-44,420090.40327225433,true
1000000,144,45-64,780739.6830982645,false
1000000,144,65+,936757.0112703185,false
1000000,145,0-5,467341.3493605357,true
1000000,145,6-11,920333.2492627342,false
1000000,145,12-17,640666.0018406585,false
1000000,145,18-44,917023.7915608453,false
1000000,145,45-64,648032.4103242022,false
1000000,145,65+,825178.7122835506,false
1000000,146,0-5,962745.0540372507,false
1000000,146,6-11,862747.8509125276,false
1000000,146,12-17,560405.2382294534,false
1000000,146,18-44,775507.8942981876,false
1000000,146,45-64,536025.5791986708,false
1000000,146,65+,712315.0453816042,false
1000000,147,0-5,891995.7979331424,false
1000000,147,6-11,801634.1998150718,false
1000000,147,12-17,491107.8855042485,true
1000000,147,18-44,639561.0263420324,false
1000000,147,45-64,443933.3915634267,true
1000000,147,65+,612206.5898459041,false
1000000,148,0-5,813774.7071424539,false
1000000,148,6-11,748367.2276356511,false
1000000,148,12-17,953834.9555819534,false
1000000,148,18-44,523870.37194659247,false
1000000,148,45-64,922458.2781039389,false
1000000,148,65+,524970.3336196862,false
1000000,149,0-5,736205.8880385498,false
1000000,149,6-11,698636.4663603957,false
1000000,149,12-17,870509.6346576699,false
1000000,149,18-44,429988.5845820022,true
1000000,149,45-64,789239.1019919717,false
1000000,149,65+,451669.02356203087,true
