Np,L,sigma_rw,resample,mape_Rj,rmse_Rj,bias_Rj,cov_Rj,width_Rj,mape_dR,cov_dR,ess_min,ess_med,uniq_min,runtime_s,mape_Rj_0_5,mape_Rj_6_11,mape_Rj_12_17,mape_Rj_18_44,mape_Rj_45_64,mape_Rj_65
10000,16,0.1,every,2.0279622194862132,0.06259818876001001,0.004221292114788057,96.64351851851852,0.22620697910764906,1.2005222070841486,99.18981481481482,193.51496679195336,9427.856426346185,1,5.830395936965942,1.8676073145699221,2.6900572034692187,1.9479797840909172,2.00376176005123,1.8764769345526968,1.7818903201832956
10000,16,0.15,every,1.3812953782195718,0.02034497154490152,0.010575215854375783,100.0,0.3017581093935778,0.6156947486594312,99.88425925925925,306.29208013716396,9154.639129673818,7,4.290488958358765,1.4513669059837313,1.7908313427718414,1.3565276928187164,1.3781234705882062,1.1993070574010405,1.1116157997538958
10000,16,0.2,every,1.4830639800239165,0.018312662251078273,0.014001717121621729,100.0,0.3713334700304629,0.5317394945498747,100.0,829.6777890942784,8911.627851458983,27,4.285353899002075,1.6092680469838867,1.7751840641891063,1.4605964584007374,1.4740027987873427,1.3426731293704752,1.2366593824119514
10000,16,0.25,every,1.688784946610201,0.020465800136194607,0.01596852887885811,100.0,0.43800166111648503,0.654262015642701,100.0,1723.7995358660173,8686.019872561867,73,4.352218151092529,1.8898527684747444,2.03140646145011,1.5531625488680212,1.7703135231882328,1.5109328384499767,1.3770415392301198
10000,16,0.3,every,1.9479702005401853,0.023037175374306034,0.018778851996793754,100.0,0.4997872409528128,0.644983295565786,100.0,2674.5141136850093,8471.232754788045,168,4.275234937667847,2.1635831009100275,2.2838713814192206,1.8622832579766893,1.9949842843951313,1.7644794288042485,1.618619749735794
10000,24,0.1,every,2.0516435437502145,0.06113108602112568,0.003960455046429132,96.64351851851852,0.2249775137956094,1.2686118636012973,99.18981481481482,193.51496679195336,9427.856426346185,1,4.937150955200195,1.9287822234120628,2.6840721073301737,1.961297081586436,2.043560176404838,1.8909523188643282,1.8011973549034463
10000,24,0.15,every,1.3973800133886798,0.020497937128968077,0.01062101119932961,100.0,0.30047323715745694,0.6977503538811335,99.88425925925925,306.29208013716396,9154.639129673818,6,4.994936943054199,1.4737068914829334,1.8087517481259283,1.3815632198577015,1.3911855312532786,1.2105242117019126,1.1185484779103252
10000,24,0.2,every,1.4457113130766623,0.01813906357886218,0.013324380793354225,100.0,0.3720486076791502,0.6419630753047164,100.0,829.6777890942784,8911.627851458983,26,5.042985916137695,1.5469311173745321,1.7501941043382454,1.4685636143398728,1.421616274270661,1.2861436044958598,1.2008191636408028
10000,24,0.25,every,1.8042777823454292,0.021620890094421585,0.016496158476555178,100.0,0.4387110656350118,0.7492532388384673,100.0,1723.7995358660173,8686.019872561867,62,5.005708932876587,1.9961871305461607,2.142818154118243,1.6254610114812889,1.932459849212143,1.6428222912181984,1.4859182574965415
10000,24,0.3,every,1.9970114465349094,0.023600473045825358,0.019045351235214888,100.0,0.49849094248073306,0.7488304553367021,100.0,2674.5141136850093,8471.232754788045,130,4.981271982192993,2.211806353003446,2.3791392499427175,1.9177194586093929,2.049024457556543,1.8020691889146974,1.6223099711826616
10000,32,0.1,every,2.0736409540730514,0.060821908534410996,0.004024611901635652,96.64351851851852,0.22453103338970015,1.3181512640344846,99.18981481481482,193.51496679195336,9427.856426346185,1,5.70648717880249,1.9361300408447732,2.6902534630706865,1.9698515936021188,2.0621127643923747,1.927383415946675,1.8561144465816803
10000,32,0.15,every,1.378378620684851,0.020284020240743123,0.010285706941677986,100.0,0.3008103217146998,0.7604105942744691,99.88425925925925,306.29208013716396,9154.639129673818,6,5.646905899047852,1.424088528814413,1.795903008158841,1.3899429176748084,1.3656461438704866,1.189367957444846,1.105323168145711
10000,32,0.2,every,1.4724436632630375,0.018919727292757094,0.013375006134462677,100.0,0.37237128558380655,0.7318595917550433,100.0,829.6777890942784,8911.627851458983,22,5.692282199859619,1.621563638808593,1.8102216356965684,1.4809138405329432,1.4423407300928293,1.2882270977989754,1.1913950366483155
10000,32,0.25,every,1.8520424889581835,0.022617132726594737,0.016704360534208647,100.0,0.438471569401269,0.824793229100238,100.0,1723.7995358660173,8686.019872561867,56,5.656301021575928,2.0459014590199995,2.2233848869341535,1.6201002070090533,1.996432840824273,1.6853389040383346,1.5410966359232867
10000,32,0.3,every,2.0567448141727547,0.024533480112299527,0.018908978684696837,100.0,0.4984148625451535,0.8191217084239789,100.0,2674.5141136850093,8471.232754788045,117,5.6347949504852295,2.2761183395841553,2.4361713552745683,1.9845575662151054,2.139111261884574,1.8504847528356474,1.6540256092424752
10000,wh,0.1,every,2.0995035691393675,0.06158969604417693,0.0048259017202170115,96.52777777777779,0.22232117332328252,1.4329970061746131,98.95833333333333,193.51496679195336,9427.856426346185,1,10.031212091445923,1.9749480121190477,2.7288168560489288,1.9629406925710462,2.0480543509181754,1.9847121376901657,1.897549365488842
10000,wh,0.15,every,1.4285920641769512,0.021002802662704153,0.00943097844304378,100.0,0.2998631584103029,1.0836216952639732,100.0,306.29208013716396,9154.639129673818,6,9.974912166595459,1.547794985609177,1.6989109708216714,1.3589243892600196,1.4396199682324464,1.2869433836751258,1.2393586874632658
10000,wh,0.2,every,1.630050037989963,0.02172400228618904,0.014042822342565202,100.0,0.37055475945236643,1.034502023624962,100.0,829.6777890942784,8911.627851458983,17,9.99199914932251,1.7112806581002518,1.8554007938008474,1.7528959569231939,1.5688525145937957,1.4937489236713295,1.3981213808503583
10000,wh,0.25,every,1.9722149595245415,0.025994031515488375,0.015714625817950356,100.0,0.433874471038832,1.1876629974482518,100.0,1723.7995358660173,8686.019872561867,30,9.9757981300354,2.0567247197252314,2.35575788071624,1.8017130891397368,2.0891327024515722,1.8590054020751356,1.670955963039332
10000,wh,0.3,every,2.2661588517022495,0.02895907584341037,0.01866021961542701,100.0,0.4952249857736443,1.149842811345729,100.0,2674.5141136850093,8471.232754788045,44,9.87717604637146,2.468143785150048,2.7175872032725916,2.144221576035839,2.38448661285033,2.0430298360114745,1.8394840968932136
100000,16,0.1,every,1.4189070913335124,0.03442702271973322,0.004539702056091229,98.14814814814814,0.22679215680488427,0.5988543654006677,99.53703703703702,778.6962837921784,94295.20125132252,3,49.330153942108154,1.4227224049961085,1.9819846051243655,1.3504170776447308,1.3871849745797586,1.2326608576143598,1.1384726280417519
100000,16,0.15,every,1.241758432176807,0.01636873815618528,0.011083048069963054,100.0,0.3018400263289824,0.30584273951477386,100.0,3073.4116382174616,91561.40856541894,28,49.06174683570862,1.3505747365576168,1.599733136117322,1.2220008245679004,1.2251351883882176,1.0772366602824275,0.9758700471473569
100000,16,0.2,every,1.449365915736407,0.017414359834871468,0.013843555216150648,100.0,0.3716713458026914,0.2886917806600776,100.0,8180.690504725875,89094.11481278946,269,49.297651052474976,1.6014161373215656,1.7968048837881647,1.403049848726991,1.450038026623543,1.2728787762807376,1.1720078216774394
100000,16,0.25,every,1.6697962838979974,0.019384762737517904,0.016209855656438902,100.0,0.43881028113247406,0.35694845062995095,100.0,17258.5542664146,86818.30850070907,835,49.19271492958069,1.8415197469438045,2.011022017287506,1.593588044672151,1.6988998336341075,1.496558282588458,1.3771897782619578
100000,16,0.3,every,1.9149025169358305,0.021466502870585543,0.018571234286274323,100.0,0.5014087169711346,0.3503406490894773,100.0,26464.421721893938,84775.2217200913,1549,49.73439002037048,2.1098063280908095,2.245716054401077,1.8038082412954834,1.9691349123144373,1.7474414413047614,1.6135081242084133
100000,24,0.1,every,1.4080566484404333,0.03439204386685666,0.0044439491889885115,98.14814814814814,0.22675670231249645,0.607499287118061,99.53703703703702,778.6962837921784,94295.20125132252,3,56.43097496032715,1.4068433563146394,1.96527765361738,1.3454658541790478,1.375119290891854,1.2235695810775027,1.1320641545621746
100000,24,0.15,every,1.2460807608122073,0.01645306950403111,0.011123084406524172,100.0,0.30154477690599885,0.3328790495289377,100.0,3073.4116382174616,91561.40856541894,27,56.49974703788757,1.3550609027807998,1.601718730246688,1.224054823977669,1.230104901975724,1.0814900541561947,0.9840551517361682
100000,24,0.2,every,1.434426682251959,0.01739466322276214,0.013704058162768056,100.0,0.3721147266121378,0.3142091257283802,100.0,8180.690504725875,89094.11481278946,243,56.42249798774719,1.600526577723431,1.7859140708108794,1.3846316520624138,1.4334183027290106,1.250809818493013,1.1512596716930052
100000,24,0.25,every,1.6549616824518905,0.019375001328327163,0.01609655073577768,100.0,0.43889383212540195,0.3718100635971781,100.0,17258.5542664146,86818.30850070907,735,56.475696086883545,1.8268343656677288,1.9934522647738935,1.5908163062853518,1.6798061973909595,1.4795180791950988,1.359342881398311
100000,24,0.3,every,1.924243112913033,0.02173929860855796,0.01871661434808046,100.0,0.5018732008205208,0.36567978364284764,100.0,26464.421721893938,84775.2217200913,1303,56.47952604293823,2.110470395480941,2.2623198226706527,1.8111273296561985,1.9806321845954662,1.7629046383162439,1.618004306758695
100000,32,0.1,every,1.4164324332548068,0.0344438007975432,0.004556671752557458,98.14814814814814,0.22658647991544312,0.6192537204608477,99.53703703703702,778.6962837921784,94295.20125132252,3,63.17491412162781,1.4152706160158128,1.980179625891352,1.3505273288742228,1.3831560271760028,1.2289334842789725,1.1405275172924794
100000,32,0.15,every,1.2578625423045204,0.016569344311845112,0.011194189050178285,100.0,0.3013605219958209,0.3471858813452142,100.0,3073.4116382174616,91561.40856541894,25,62.62968182563782,1.3642433076120664,1.6037625079663305,1.2424314023041056,1.2427570613901906,1.0976199189680649,0.9963610555863653
100000,32,0.2,every,1.4481486891003108,0.01750126555708157,0.01380426481502551,100.0,0.3719989542239393,0.32963813227349276,100.0,8180.690504725875,89094.11481278946,221,63.393242835998535,1.6161813230685191,1.804224354201644,1.4008343817552191,1.4557029439342526,1.2600012184472051,1.1519479131950248
100000,32,0.25,every,1.6583167087482238,0.01948658100453744,0.016085772739358538,100.0,0.4386235761305721,0.38500798271623987,100.0,17258.5542664146,86818.30850070907,677,63.67942500114441,1.8223463601101435,1.9978245914316972,1.5934304214508384,1.6837525118239753,1.4888435506418631,1.3637028170308247
100000,32,0.3,every,1.930236486978479,0.021929147996377376,0.018784572535633776,100.0,0.5016987673999385,0.3970377571175263,100.0,26464.421721893938,84775.2217200913,1133,63.455636978149414,2.137145855119729,2.2719799554293623,1.8077852250273374,1.9909357810292942,1.7586872497720414,1.61488485549311
100000,wh,0.1,every,1.406493964776952,0.03405017327183937,0.004617253807045899,98.14814814814814,0.22679440070061774,0.6810556484310166,99.53703703703702,778.6962837921784,94295.20125132252,2,113.27921104431152,1.4259231940466597,1.9782875921998753,1.3277531782125367,1.3744278708274373,1.2098919063375109,1.1226800470376936
100000,wh,0.15,every,1.2552546633912127,0.016805098055778643,0.011103327892477642,100.0,0.3010970956245614,0.37588796910653305,100.0,3073.4116382174616,91561.40856541894,20,113.35624694824219,1.3697524100332712,1.6298223214692371,1.2288277706183979,1.2350851276347738,1.0853714558859917,0.982668894705605
100000,wh,0.2,every,1.4583298756078664,0.0178618701602704,0.014010539131179722,100.0,0.3718082058408226,0.38804715496970094,100.0,8180.690504725875,89094.11481278946,149,113.6449818611145,1.6191842008544632,1.8123480104402665,1.4018087988069539,1.4661137076350639,1.2826122592762093,1.1679122766342418
100000,wh,0.25,every,1.656713652595057,0.020099732771112228,0.016063684069555457,100.0,0.4371402520398666,0.47351627606805186,100.0,17258.5542664146,86818.30850070907,370,113.73877215385437,1.7978553025705497,1.9967796204619428,1.6297181776506446,1.6731523059368116,1.485934858437134,1.3568416505132592
100000,wh,0.3,every,1.9746695180604634,0.022682738058195012,0.019132176792234338,100.0,0.5022700002796842,0.4781276223381772,100.0,26464.421721893938,84775.2217200913,455,113.59256291389465,2.167179289998623,2.2875460894338286,1.8486812991299073,2.0575882758137176,1.823463609314907,1.6635585446717973
1000000,16,0.1,every,1.1028454080590218,0.01936576704106576,0.0069358238382834095,99.88425925925925,0.22656475212807947,0.36118184863806935,99.76851851851852,6832.547577136876,942795.299806657,2,520.68505692482,1.1780960489010803,1.5349904213668255,1.089088554129944,1.075313957869933,0.9173663451983612,0.8222171208879864
1000000,16,0.15,every,1.2072326876170956,0.01537224684999699,0.010991457551360601,100.0,0.3020458147406702,0.26513123171838915,100.0,28800.25809563317,915449.4627033898,316,520.9743318557739,1.3337755808417013,1.5618830054631727,1.1854022272906706,1.1920779449602192,1.0333844921085593,0.9368728750382511
1000000,16,0.2,every,1.4314315183709148,0.017078460876075147,0.013743322168292714,100.0,0.3718352419922852,0.28026678753693574,100.0,85877.10593947055,890708.2757555351,2814,522.1676499843597,1.5737045688248124,1.7777112973751064,1.3929787029777474,1.4319234910090048,1.2549899111358598,1.1572811389029556
1000000,16,0.25,every,1.6708998712054635,0.019183707813719964,0.016263032930037596,100.0,0.43776847343709296,0.31197825159563025,100.0,174881.35493101043,868136.1783743794,8676,518.664873123169,1.842935129230053,2.0109113216949455,1.5913237856134517,1.7030181261783086,1.496748493490362,1.38046237102566
1000000,16,0.3,every,1.9106514714461584,0.021358659495207738,0.018564974790507664,100.0,0.5007012743188802,0.3376498173923559,100.0,267027.6123890555,847396.4512084298,15706,522.4836127758026,2.110046977061067,2.246862587207782,1.803071820824644,1.9700349129950092,1.735291152191358,1.5986013783970914
1000000,24,0.1,every,1.1101569607863901,0.019444002674937365,0.0069828476824331425,99.88425925925925,0.22645836806579545,0.36216306963777806,99.76851851851852,6832.547577136876,942795.299806657,1,608.3797740936279,1.1797248738825072,1.5424336471851672,1.0942684319229106,1.0843953113725795,0.9275140835796392,0.8326054167755365
1000000,24,0.15,every,1.2067459878797444,0.015345284729805987,0.010974623293725843,100.0,0.3020143975126525,0.27056494760939515,100.0,28800.25809563317,915449.4627033898,289,608.0600600242615,1.33067128576747,1.562238984357966,1.1890115156708798,1.1913651317179268,1.0329386513491663,0.934250358415057
1000000,24,0.2,every,1.4293607452599275,0.017056316971663883,0.013710790639157568,100.0,0.371821593819035,0.28398513508746975,100.0,85877.10593947055,890708.2757555351,2537,606.6645340919495,1.5719718675426666,1.772347903421151,1.389308154429801,1.429269763950451,1.2545136847825675,1.1587530974329265
1000000,24,0.25,every,1.6643254894308754,0.019104208996835296,0.016194794387352593,100.0,0.43779837592147847,0.3145221599399895,100.0,174881.35493101043,868136.1783743794,7634,607.5055711269379,1.8341559828130478,2.00215670156118,1.5874038700936812,1.6961968796925557,1.492156967732911,1.3738825346918793
1000000,24,0.3,every,1.9056406322825878,0.021315122316955416,0.018510211816097015,100.0,0.5007572024629064,0.3389024532716854,100.0,267027.6123890555,847396.4512084298,12975,606.9802930355072,2.1055934383526287,2.2365767614824907,1.800832512858704,1.9646346909856016,1.7309389724938722,1.5952674175222308
1000000,32,0.1,every,1.111888806411688,0.01945625799833788,0.006985970564081988,99.88425925925925,0.22643937365688163,0.36528488657383945,99.76851851851852,6832.547577136876,942795.299806657,1,689.0593519210815,1.1836513686489893,1.5432852114813298,1.0936926673994836,1.0874790025284318,0.9297469316550575,0.8334776567568372
1000000,32,0.15,every,1.2087661234828166,0.015389607487332512,0.010997107715370965,100.0,0.301968713029159,0.2764186070022188,100.0,28800.25809563317,915449.4627033898,268,691.5816490650177,1.3318318476826254,1.5655953870337587,1.1890632837861665,1.1948295693045725,1.0342654487449416,0.9370112043448349
1000000,32,0.2,every,1.4250322862182425,0.017015524204899334,0.013671518863925912,100.0,0.37180871405835253,0.2895643561262245,100.0,85877.10593947055,890708.2757555351,2349,689.2849009037018,1.5661347426829824,1.7694862964822946,1.3838838470906953,1.4237608006172147,1.2503248319928864,1.156603198443382
1000000,32,0.25,every,1.663836341133419,0.019156054357324183,0.016198284474169242,100.0,0.4377314866301476,0.31410198612425605,100.0,174881.35493101043,868136.1783743794,6956,689.8067798614502,1.830428850464368,2.001306181598578,1.5882149392219367,1.6953816120965373,1.4923944989392994,1.3752919644797936
1000000,32,0.3,every,1.9052196655173796,0.021295409705552697,0.018500682267755753,100.0,0.5006851965135247,0.3433970094702334,100.0,267027.6123890555,847396.4512084298,11267,690.0392649173737,2.103247815615974,2.232591268114853,1.7984229750788092,1.9651757032281578,1.7335027718399774,1.5983774592265072
1000000,wh,0.1,every,1.1093343034010472,0.019376624501587284,0.00698780829980624,99.88425925925925,0.22642576073982734,0.37118759779575733,99.76851851851852,6832.547577136876,942795.299806657,1,1339.4265608787537,1.1802072615327501,1.5379667618174997,1.0931930505064067,1.0850703699369635,0.9280564841512354,0.8315118924614278
1000000,wh,0.15,every,1.2040958651790434,0.015361591614425539,0.010924754262031981,100.0,0.30211286690880557,0.2807005495083241,100.0,28800.25809563317,915449.4627033898,193,1342.6931250095367,1.3329547679538982,1.5535501616423761,1.1882765354155542,1.1877752113591704,1.0285580193340094,0.933460495369252
1000000,wh,0.2,every,1.426854648802829,0.017009110191268436,0.013684084784865332,100.0,0.37194718536655663,0.2946257288229498,100.0,85877.10593947055,890708.2757555351,1557,1341.924605846405,1.5706431789051198,1.76970931099168,1.3889905200004997,1.4257352216875252,1.2508399538302206,1.1552097074019294
1000000,wh,0.25,every,1.6620623348892891,0.019156457172667403,0.01616674984523168,100.0,0.4377826582443112,0.3306398765680363,100.0,174881.35493101043,868136.1783743794,3549,1343.3210649490356,1.8344501701609173,1.993371844750475,1.5912612406846314,1.6895501413041456,1.4943141195529221,1.3694264928826427
1000000,wh,0.3,every,1.9175516827990675,0.021504236822662365,0.018620085386848877,100.0,0.5003012842371423,0.34099866237721427,100.0,267027.6123890555,847396.4512084298,4495,1340.9123740196228,2.1157603137815557,2.243607361681217,1.8173480330866076,1.97674317960515,1.7441765863572494,1.6076746222826246
100000,16,0.15,adaptive,1.827639423426653,0.01984612478946419,0.016574452332092936,100.0,0.3201882198649406,0.29540859047181156,100.0,2690.9863459730886,64065.0447584685,36,35.6389479637146,1.9388171781390902,2.1434698685664384,1.8088609020017428,1.8064953825093113,1.6844861165271259,1.5837070928162105
1000000,16,0.15,adaptive,1.8430705278511805,0.02017972927748887,0.016378010606764123,100.0,0.31952091684504685,0.2982506509732476,100.0,29072.085275560534,641387.6852614197,417,363.1002869606018,1.9606193567447021,2.178338923594854,1.8187442016660436,1.8320419026094346,1.699733041152845,1.5689457413392036
